11000001,4320849.3,238383.5,11000, avenue du souvenirue français,carcassonne
11000003,4320809.24,237200.86,11000,avenue du general leclerc ,carcassonne
11000004,4319804.81,232469.13,11000,route de limoux,carcassonne
11000005,4321111.42,234485.67,11000,13 allée d'iéna,carcassonne
11000007,4359808.78,148307.93,11000,route de toulouse,carcassonne
11000008,4321711.05,234730.04,11000,8 avenue du président franklin roosevelt,carcassonne
11000009,4321183.41,232440.01,11000,rue claude chappe,carcassonne
11000010,4323607.3,236627.5,11000,zi du pont rouge,carcassonne
11000012,4321551.73,235477.65,11000,42 boulevard jean jaurès,carcassonne
11000013,4318165.3,301469.5,11100,rue de marechal juin,narbonne
11000014,4321600.91,234480.88,11000,69 allée d'iéna,carcassonne
11000015,4321216.1,235366.3,11000,route de limoux route nationale 118,carcassonne
11000016,4323607.3,236627.5,11000,zi pont rouge,carcassonne
11100001,4317205.02,299064.66,11100,avenue d'espagne,narbonne
11100002,4319111.72,300700.31,11100,14 avenue carnot,narbonne
11100003,4318194.65,298130.9,11100,108 avenue de bordeaux,narbonne
11100004,4318427.7,300307.8,11100,cap de la pla - rn113,narbonne
11100006,4317811.7,299499.9,11100,avenue du general leclerc,narbonne
11100008,4315875.82,298619.5,11100,avenue de la croix sud,narbonne
11100009,4318648.35,300295.7,11100,40 boulevard frédéric mistral,narbonne
11100010,4315875.82,298619.5,11100,avenue croix sud,narbonne
11100011,4317811.7,299499.9,11100,avenue du général leclerc,narbonne
11100012,4319568.19,301188.72,11100,82 avenue carnot,narbonne
11100013,4317452.16,299232.75,11100,60avenue du general leclerc,narbonne
11101001,4315648.31,316545.08,11100,avenue de la mer,narbonne
11106001,4318114.25,297123.45,11100,199 avenue de bordeaux,narbonne
11110001,4322981.44,305205.51,11110,avenue de toulouse,coursan
11110002,4323876.2,311807,11110,autoroute a 9,salles-d'aude
11110003,4323420,305846.7,11110,a 9 - aire narbonne vinassan nor,coursan
11110004,4323823.6,311099.8,11110,route de coursan,salles-d'aude
11110005,4323876.2,311807,11110,autoroute a9 - aire de narbonne vinassan sud,salles d'aude
11110006,4323420,305846.7,11110,autoroute a9 - aire narbonne vinassan nord,coursan
11120001,4324934.88,291668.42,11120, avenue de saint-pons,saint-marcel-sur-aude
11130001,4302891,297925.5,11130,zae du peyrou,sigean
11140001,4280524.2,223423.9,11140,lieu dit la condomine,axat
11150001,4324240.7,209746,11150,zae avenue de la preuilhe,bram
11150002,4328051.79,208825.53,11150,lieu-dit croix de l'ourmet  route nationale 113,villepinte
11160001,4324586.72,259849.91,11160,route de rieux-minervois,peyriac-minervois
11160002,4331429.5,246944.7,11160,za les terres rouges - avenue du minervois,villeneuve-minervois
11170001,4325466.6,226632,11170,la madeleine,pezens
11170002,4325452.77,216806.88,11170,avenue de toulouse,alzonne
11200001,4319187.7,275505.3,11200,avenue des corbieres,lézignan-corbières
11200002,4317182.1,274117.1,11200,rd6113,lézignan-corbières
11200003,4357874.8,395929.36,34130,aérodrome montpellierue méditerranée,mauguio
11200005,4320046.61,275313.8,11200,avenue maréchal foch,lézignan-corbières
11200006,4318683.82,275340.75,11200,rue de l'estagnol,lézignan-corbières
11200007,4326611.8,272071.7,11200,route departementale 610,homps
11200008,4320050.3,275777.59,11200,route nationale 113 - 2 avenue du marechal f,lezignan corbieres
11210002,4301497.71,304938.43,11210,928 boulevard général de gaulle,port-la-nouvelle
11210003,4302187.9,303680.3,11210,avenue charles palauqui,port-la-nouvelle
11220001,4308814.98,270467.6,11220,69 avenue de narbonne,saint-laurent-de-la-cabrerisse
11260001,4293184.7,222968.9,11260,route de quillan,espéraza
11290001,4319924.9,221054.5,11290,a61 aire d'arzens sud,arzens
11290002,4319924.9,221054.5,11290,a61 aire d'arzens nord,arzens
11290003,4319990.629,213949.8334,11290,rn.119,montréal
11290004,4319461.2,213038.9,11290,zone industrielle les giscarrels,montreal
11300001,4306112.98,221478.47,11300,16 avenue camille bouché,limoux
11300002,4302964.92,225034.73,11300,route d'alet ,limoux
11300003,4306174.71,221477.53,11300,23 avenue camille bouche,limoux
11300004,4305628.7,221344.05,11300,route de carcassonne,limoux
11370001,4290370.9,305220.6,11370,route de leucate plage,leucate
11390001,4295988,252927.78,11330,1 impasse des corbières,mouthoumet
11400001,4331711.8,195333,11400,129 avenue monseigneurue delangle,castelnaudary
11400002,4331312.28,196546.93,11400,88 avenue monseigneurue de langle,castelnaudary
11400003,4329981.3,201935.7,11400,relais st.martin,saint-martin-lalande
11400004,4330718.3,197727.1,11400,route de carcassonne,castelnaudary
11400005,4329801.33,195859.54,11400,211 route de villasavary,castelnaudary
11400006,4332407.49,193629.37,11400,1033 avenue martin dauch,castelnaudary
11430001,4310807.5,308961.82,11430,avenue de narbonne,gruissan
11430002,4311079.38,310014.59,11430,boulevard de pech meynaud,gruissan
11480001,4297514.5,299237.2,11480,a9 aire de la palme ouest,la palme
11480002,2247763.8,11405784.3,11480,autoroute a 9,la palme
11480004,5088353.2,207055.58,11480,route departementale 6009,la palme
11480007,4297514.5,299237.2,11480,aire de lapalme est,la palme
11500001,4287447.78,218418.28,11500,place de la liberté,quillan
11500002,4287512.9,218546,11500,station pierre lys,quillan
11500004,4287754.93,218610.88,11500,6 avenue f.mitterrand,quillan
11540001,4302944.45,297775.84,11540,route nationale 9,roquefort-des-corbières
11560001,4317158.89,318145.68,11560,167 avenue pierre brossolette,fleury
11590002,4325660.3,294735.57,11590,place du portail,sallèles-d'aude
11590003,4326303.13,294787.34,11590,418 route d'ouveillan,sallèles-d'aude
11600001,4328841.94,244149.42,11600,2 avenue du minervois,villegly
11600004,4325756.76,241196.36,11600,place léon blum,villalier
11600005,4328624.2,244010.3,11600,rd 620 lieu dit la pièce,villegly
11620001,4325226,236545.1,11620,lieu dit la viala,villemoustaussou
11700001,4318431.7,255763.2,11700,rn113,capendu
11700003,4317915.14,255134.4,11700,autoroute a61,capendu
11700005,4325204.71,265140.33,11700,4 avenue du minervois,la redorte
11700006,4317915.14,255134.4,11700,aire des corbieres a61,capendu
11800002,4320270.306,244307.887,11800,route nationale 113,trèbes
11800003,4321160.99,245291.98,11800,boulevard du minervois,trèbes
11880001,4321216.1,235366.3,11000,z.i. la bouriette,carcassonne
12000001,4435920.33,256949.3,12000,33 boulevard paul ramadier,rodez
12000002,4436250.88,258739.08,12000,route d'espalion,rodez
12000003,4434938.9,257598.6,12000,za bel air,rodez
12000007,4436195.47,256597.47,12000,24 avenue de la gineste,rodez
12000008,4434503.92,256745.4,12000,18 avenue du ségala,rodez
12000009,4434785.96,257303.61,12000,16 be laromiguiere,rodez
12000010,4436251.06,257253.3,12000,10 avenue de la gineste,rodez
12000011,4436075.59,258963.39,12000,avenue de bamberg,rodez
12100001,4411704.72,306875.14,12100,150 boulevard georges brassens,millau
12100002,4410984.62,308206.6,12100,144 avenue jean jaurès,millau
12100004,4409243.61,307576.46,12100,avenue du pont lerouge,millau
12100005,4410659.08,308199.4,12100,82 avenue jean jaurès,millau
12100006,4408004.38,303398.99,12100,avenue de saint affrique,creissels
12100009,4408758.99,305690.22,12100,avenue de l'europe,millau
12100010,4411365.2,308247.79,12100,25 avenue edouard alfred martel,millau
12110002,4452578.92,227100.66,12110,avenue du 19 mars 1962,cransac
12110003,4456024.51,222611.96,12110,avenue adam grange,viviez
12110004,4456024.51,222611.96,12110,41terue avenue adam grange,viviez
12120001,4417455.81,252078.98,12120,z.a. plaisance,cassagnes begonhes
12130001,4446071.32,296671.66,12130,avenue d'espalion,saint-geniez-d'olt
12130002,4446071.32,296671.66,12130,avenue d'espalion,saint-geniez-d'olt
12140001,4465131.05,257110.64,12140,le moulinet,entraygues
12150001,4432201.2,307105,12150,a75 aire de l'aveyron,sévérac-le-château
12150002,4432992.58,306867.19,12150,35 avenue de paris,sévérac-le-château
12150003,4432000.1,306958.4,12150,rue du general de gaulle,sévérac-le-château
12150004,4432597.8,306136.6,12150, avenue marie curie,sévérac-le-château
12150005,4434158.99,297146,12150,za le plâ d'aveyron rn88,recoules-prévinquières
12150006,4432201.2,307105,12150,autoroute a75 - aire de l'aveyron,severac le chateau
12160002,4427877.81,242887.02,12160,241 avenue de marengo,baraqueville
12160003,4427688.42,244321.86,12160,600 avenue de rodez,baraqueville
12170001,4403047.9,253522.7,12170,avenue de la vallée du tarn,réquista
12170004,4403729.71,252236.11,12170,80 avenue d'albi,réquista
12200001,4436100.89,204056.96,12200,9 avenue des croates,villefranche-de-rouergue
12200002,4435972.82,202950.26,12200,avenue de toulouse,villefranche-de-rouergue
12200003,4435995.13,203940.17,12200,59 avenue étienne soulié,villefranche-de-rouergue
12200004,4436035.3,199126.5,12200,lieu dit bernussou,villefranche-de-rouergue
12200005,4435658.99,202612.4,12200,125 avenue du quercy,villefranche-de-rouergue
12200006,4435857.6,198717.9,12200,mas de souyri,villefranche de  rouergue
12210001,4468357.9,284560.5,12210,espace les cayres,laguiole
12220001,4447686.8,222918.5,12220,le fargal haut,montbazens
12230001,4871483.24,528204.07,12230,route nationale 99,nant
12230003,4400549.46,314886.05,12230,la méridienne,la cavalerie
12240001,4430553.12,224996.7,12240,route de rodez,rieupeyroux
12240002,4430553.12,224996.7,12240,route de rodez,rieupeyroux
12260001,4871340.5,245269.1,12260,avenue du quercy,villeneuve
12260002,4447675.12,196858.26,12260,foissac,villeneuve
12260003,4443604.65,202967.28,12260,avenue de rouergue,villeneuve
12270001,4423093.99,204099.4,12270,za le lac,la fouillade
12290001,4428381.4,272332,12290,avenue de rodez,pont-de-salars
12290002,4428381.4,272332,12290,avenue de rodez,pont-de-salars
12290003,4428381.4,272332,12290,avenue de rodez,pont-de-salars
12300001,4455493.92,226291.69,12300,2 avenue paul ramadier,decazeville
12300003,4456171.73,224932.14,12300,32 rue gambetta,decazeville
12300004,4460439,224643.69,12300,rd 963 lieu dit la planque,flagnac
12310001,4439589.24,277194.39,12310,30 avenue du rouergue,bertholène
12310002,4438362.77,282304.61,12310,le foirail,laissac
12330002,4443596.36,244254.39,12330,d840,nuces
12330003,4447489.9,246258.7,12330,za les pradades - salles la source,marcillac-vallon
12330004,4446615.23,241577.13,12330, route de rodez,saint-christophe-vallon
12340001,4446871.35,272934.82,12340,111 route de rodez,bozouls
12340002,4446568.89,272801.16,12340,route de rodez,bozouls
12350001,4443185.99,219300.19,12350,bel-air,lanuejouls
12360001,4383146,287417,12360,z.a. bel air,camarès
12390001,4440558.1,229394.7,12390,chemin de la cassagne,rignac
12400001,4395291.15,287336.96,12400,lotissement de vaxergues,saint-affrique
12400002,4395819,288712.6,12400,131 avenue docteurue lucien galtier,saint-affrique
12400003,4387969.94,283050.35,12400,route de saint-affrique,vabres-l'abbaye
12400004,4395819,288712.6,12400,500 avenue docteurue lucien galtier,saint-affrique
12400005,4395819,288712.6,12400,664 avenue docteurue lucien galtier,saint-affrique
12400006,4395225.64,289236.59,12400,boulevard de la capelle,saint-affrique
12420001,4479720.25,276033.89,12420,avenue de la mecanique,sainte-geneviève-sur-argence
12430001,4408982.1,270156.67,12430,33 avenue du lac,villefranche-de-panat
12450001,4430822.66,255739.55,12450,avenue de rodez,luc-la-primaube
12450002,4429194.75,255817.21,12450,10 avenue de toulouse,luc-la-primaube
12490001,4401123.13,296322.17,12490,avenue de la republique,saint rome de cernon
12500002,4452411.57,276438.62,12500, boulevard de guizard,espalion
12500003,4452375.39,276630.4,12500,rue antoine fanguin,espalion
12500004,4452750.33,275840.33,12500,route d'estaing,espalion
12510001,4435086.34,255004.11,12510,rue saint-jacques-de-compostelle,olemps
12560001,4491071.63,188157.85,12560,le bourg,saint laurent d olt
12560002,4441916.1,308827.6,12560,les rebels - a75 - sortie 41,campagnac
12580001,4456932.1,259093.6,12580,le bourg,campuac
12600001,4484396.79,266018.8,12600, route de lacroix barrez,mur-de-barrez
12600002,4484009.32,266537.58,12600,avenue de brommat,mur-de-barrez
12700001,4456994.45,207809.97,12700,37 boulevard paul ramadier,capdenac-gare
12740001,4440522.69,259803.7,12740,67 avenue louis tabardel,sébazac-concourès
12780002,4423888.52,298556.67,12780,d 911 le bois du four,saint léons
12800001,4418271.21,236279.77,12800,45 route d' argent,naucelle
12800002,4419876.76,233942.74,12800,place frédéric mistral,naucelle
12800003,4419817,234186.5,12800,za de l'issart,naucelle
12850001,4436531.5,258550.8,12850,route d'espalion,onet-le-château
12850002,4437948.07,258916.48,12850,l'estréniol - pôle comtal sud,onet-le-château
12850003,4436531.5,258550.8,12850,route d'espalion,onet-le-château
12850004,4436239.61,258896.55,12850,14 route de severac les quatres saisons,onet le château
13000001,4331143.13,540330.04,13004,33 boulevard du maréchal juin,marseille
13002003,4330208.51,537135.15,13002,44 boulevard des dames,marseille
13003001,4331622.13,538292.87,13003,83 boulevard de plombières,marseille
13003003,4331281.74,536861.02,13003,172 boulevard de paris,marseille
13003004,4331622.13,538292.87,13003,83 boulevard de plombieres,marseille 3eme
13004003,4330385.69,540103.98,13004,70 boulevard françoise duparc,marseille
13004004,4330385.69,540103.98,13004,70 boulevard françoise duparc,marseille
13004005,4330385.69,540103.98,13004,70 boulevard francoise duparc,marseille 4eme
13005002,4329166.12,539657.29,13005,angle boulevard chave/sakakini,marseille
13005005,4329212.59,540178.55,13005,252 rue st pierre,marseille
13005009,4328741.27,540046.24,13005,34 boulevard jean moulin,marseille
13005010,4329314.28,540201.86,13005,103 boulevard sakakini,marseille
13005011,4328741.27,540046.24,13005,34 boulevard jean moulin,marseille
13005012,4329314.28,540201.86,13005,103 boulevard sakakini,marseille
13005013,4329166.12,539657.29,13005,angle boulevard chavenue et sakakini,marseille
13006002,4328439.29,538923.64,13006,78 avenue de toulon,marseille
13006003,4328621.2,537374.87,13006,88 boulevard notre-dame,marseille
13006004,4328439.29,538923.64,13006,78 avenue de toulon,marseille
13006005,4328439.29,538923.64,13006,78 avenue de toulon,marseille
13007001,4329132.59,535924.48,13007,13 avenue pasteur,marseille
13007002,4329265.25,535693.91,13007,104 boulevard charles livon,marseille
13007007,4327863.07,536341.02,13007,95 avenue des roches,marseille
13008001,4325966.91,539409.42,13008,365 avenue de mazargues,marseille
13008003,4327442.56,539365.96,13008,35 boulevard rabatau,marseille
13008004,4325367.36,538204.54,13008,1/3 boulevard du sablier,marseille
13008008,4325038.16,538877.77,13008,avenue de hambourg,marseille
13008012,4326226.54,539410.1,13008,265 avenue de mazargues,marseille
13008013,4325487.02,538242.09,13008,175 avenue clot-bey,marseille
13008014,4324292.12,536845.43,13008,avenue d'odessa,marseille
13008015,4326226.54,539410.1,13008,265 avenue de mazargues,marseille
13008016,4327423.58,539401.82,13008,35/37 boulevard rabatau,marseille 8eme
13008017,4326226.54,539410.1,13008,265 avenue de mazargues,marseille
13009001,4324573.35,541579.81,13009,avenue de lattre de tassigny,marseille
13009002,4325060.08,540373.93,13009,2 avenue de lattre de tassigny,marseille
13009003,4325252.14,542225.36,13009,83 boulevard du redon,marseille
13009004,4327248.36,540103.09,13009,32 boulevard schloesing,marseille
13009005,4324954.72,540493.21,13009,14 avenue de lattre de tassigny,marseille
13009006,4323604.07,539909.38,13009,chemin du roy d'espagne,marseille
13009008,4327248.36,540103.09,13009,32 boulevard schloesing,marseille
13010001,4327905.09,542468.94,13010,57 boulevard romain rolland,marseille
13010002,4326808.97,541696.3,13009,171 boulevard paul claudel,marseille
13010005,4328396.01,539875.65,13010,boulevard jean moulin,marseille
13010007,4326952.15,542140.61,13010,260 boulevard paul claudel,marseille
13010009,4327674.98,541889.69,13010,137 boulevard romain rolland,marseille
13010010,4326884.31,541669.88,13010, boulevard paul claudel,marseille
13010011,4326859.88,541710.77,13010,171 boulevard paul claudel,marseille
13011003,4329993.81,547817.67,13011,route des trois lucs- la valentine,marseille
13011006,4328612.8,542849.53,13011,359 boulevard mireille lauze,marseille
13011007,4329905.76,550000.34,13011,131 route des camoins,marseille
13011012,4328612.8,542849.53,13011,359 boulevard mireille lauze,marseille
13011014,4328623.16,543772.15,13011,171 boulevard de saint-loup,marseille
13011015,4329778.49,549485.78,13011,73 route des camoins,marseille
13011016,4329292,545582,13011,autoroute a50 - aire de la pomme,marseille cedex onze
13011017,4328612.8,542849.53,13011,359 boulevard mireille lauze,marseille
13011018,4329279.27,545875.18,13011,15 boulevard de la cartonnerie,marseille
13011019,4329905.76,550000.34,13011,131 route des camoins,marseille
13012001,4329594.27,544618.31,13012,avenue william booth,marseille
13012003,4329547.62,543202.8,13012,120 rue saint-jean-du-désert,marseille
13012012,4330377.5,543703,13012,avenue des caillols,marseille
13012013,4329212.5,541887.5,13012, rue saint-pierre,marseille
13012015,4331766.74,543964.34,13012,7 chemin des amaryllis,marseille
13012016,4329727.39,542761.35,13012, rue gaston de flotte,marseille
13012018,4330421.79,541161.26,13012,53 avenue de saint-barnabé,marseille
13012021,4330421.79,541161.26,13012,53 avenue de saint-barnabé,marseille
13012022,4330470.03,542653.8,13012,67 avenue des caillols,marseille 12eme
13012023,4329984.86,543635.23,13012,56 rue saint jean du desert,marseille
13013002,4335220.02,543689.58,13013,37 avenue de château-gombert,marseille
13013003,4332239.67,541831.97,13013,12 avenue jean-paul sartre,marseille
13013004,4334255.54,542028.03,13013,137 chemin de chateau-gombert,marseille
13013007,4333394.09,545549.03,13013,avenue marcel delpra,marseille
13013008,4336493.21,542537.57,13013,1 avenue de château-gombert - angle notre dame de la consolation,marseille
13013010,4332377.01,545329.89,13013,avenue frédéric mistral,marseille
13013011,4332331.9,544759.99,13013,281 avenue des olives,marseille
13013012,4331629.78,538484.79,13013,68 boulevard de plombières,marseille
13013013,4334520.23,542387.66,13013,chemin de château gombert,marseille
13013014,4331685.09,540467.35,13013,avenue de saint-just,marseille
13013015,4332317.02,545435.59,13013,59 avenue frédéric mistral,marseille
13013016,4332377.01,545329.89,13013,avenue frederic mistral,marseille
13013017,4333851.28,542023.81,13013,75 che. de chateau gombert,marseille
13014001,4332889.4,540019.43,13014,avenue prosperue merimee,marseille
13014006,4331894.23,539036.24,13014,26 chemin de sainte-marthe,marseille
13014008,4331894.23,539036.24,13014,26 chemin de sainte-marthe,marseille
13014010,4333526.32,540022.03,13014,33 avenue alexandre ansaldi,marseille
13014011,4332895.26,537526.36,13014,221 boulevard danielle casanova,marseille
13014012,4331865.84,538009.82,13014,162 boulevard de plombières,marseille
13015004,4338497.88,535865.69,13015,437 avenue de saint-antoine,marseille
13015006,4334576.41,535503.66,13015,516 chemin de la madrague-ville,marseille
13015011,4337299.02,535357.23,13015,21 boulevard henri barnier,marseille
13015012,4963310.18,194638.69,13015,20-22 route nationale de st antoine,marseille
13015013,4334576.41,535503.66,13015,516 chemin de la madrague-ville,marseille
13015014,4332717.8,536523.65,13015,99 rue de lyon,marseille
13015015,4337299.02,535357.23,13015,21 boulevard henri barnier,marseille
13015016,4963310.18,194638.69,13015,20-22 route nationale de st antoine,marseille
13015018,4332717.8,536523.65,13015,99 rue de lyon,marseille
13015019,4337299.02,535357.23,13015,21 boulevard henri barnier,marseille 15
13016002,4335603.03,532783.62,13016,654 chemin du littoral,marseille
13016005,4334919.74,534348.15,13016,450 chemin du littoral,marseille
13016006,4334919.74,534348.15,13016,450 chemin du littoral,marseille
13016007,4335603.03,532783.62,13016,654 chemin du littoral,marseille
13016008,4334919.74,534348.15,13016,450 chemin du littoral,marseille
13090001,4350866.91,543947.2,13090,292 avenue fortuné ferrini,aix-en-provence
13090006,4352016.86,544707.82,13090,1 avenue robert schuman,aix-en-provence
13090014,4355654.77,541877.58,13090,1140 route d'avignon,aix-en-provence
13090016,4354248.22,543197.31,13090,67 avenue de lattre de tassigny,aix-en-provence
13090017,4350921.45,543524.02,13090,rn8 pont de l arc,aix en provence
13090018,4353883.36,540442.68,13090,1140 route avignon qu.celony rn7,aix en provence
13090019,4354248.22,543197.31,13090,67 avenue de lattre de tassigny,aix-en-provence
13097001,4353541.51,541412.17,13090, avenue de brédasque,aix-en-provence
13100001,4351871.96,546161.53,13100,122 cours gambetta,aix-en-provence
13100002,4354522.41,542968.16,13090,avenue maréchal de lattre de tassigny,aix-en-provence
13100004,4348213.83,538565.14,13290,rue claude-nicolas ledoux,aix-en-provence
13100005,4351386.42,547039.53,13100,avenue malacrida,aix-en-provence
13100006,4353408.9,545725.6,13100,route des alpes,aix-en-provence
13100008,4351505.83,546327.97,13100,avenue des infirmeries,aix-en-provence
13100009,4351576.81,546633.36,13100,467 avenue henri mauriat,aix-en-provence
13100010,4351933.64,543370.97,13100,1 bl marechal juin,aix-en-provence
13100012,4351999.05,543426.16,13090,boulevard du maréchal juin,aix-en-provence
13100013,4348397.628,538311.8017,13853,zi les milles r. cl. ledoux,aix en provence cedex
13100014,4351871.96,546161.53,13100,122 cours gambetta,aix en provence
13100015,4353821.29,543401.22,13100,avenue du mal de lattre tassigny,aix en provence
13100016,4352845.97,543246.39,13100,16 route de galice,aix en provence
13100017,4351443.85,546448.58,13100,avenue henri mauriat,aix en provence
13105001,4342972.3,547259.9,13105, chemin des fabres,mimet
13110001,4340098.1,498095.1,13110,route nationale 568,port-de-bouc
13110003,4340098.1,498095.1,13110,route nationale fos/ martigues,port-de-bouc
13110004,4340577.69,498078.7,13110,45 avenue maurice thorez,port-de-bouc
13110005,4340098.1,498095.1,13110,route nationale 568,port de bouc
13112002,4337845,560426,13112,lieu dit souque nègre route nationale 96,la destrousse
13112003,4338939.06,559575.1,13112,chemin des matelots,la destrousse
13112005,4338281.04,560289.27,13112,672 route des vignerons,la destrousse
13115001,4368609.082,571284.4214,13115,10 rue du martinet,saint-paul-lez-durance
13120001,4347066,546581.97,13120,petit chemin d'aix,gardanne
13120002,4347306.9,546857.7,13120,cd 6 - quartierue payannet,gardanne
13120003,4344977.86,545743.49,13120,chemin de la plaine,gardanne
13120004,4346284.96,548916.54,13120, chemin jean de bouc,gardanne
13120005,4343974.81,545409.58,13120,d 58 biver,gardanne
13120006,4345069.41,547685.08,13120,250 boulevard du pont de peton,gardanne
13122001,4353868.5,529296.2,13122,res.val lourdes ,ventabren
13122002,4354276.09,529610.23,13122, avenue charles de gaulle,ventabren
13124001,4338414.7,557743.3,13124,a52 aire de baume de marron,peypin
13124002,4338678.4,557921.1,13124,a52 aire de peypin,peypin
13127002,4344542.2,524689.7,13127,boulevard victorue gelu,vitrolles
13127004,4341923.6,526953.5,13127,avenue d'italie,vitrolles
13127005,4345859.8,524970.3,13127,aire de vitrolles est autoroute 7,vitrolles
13127006,4342575.3,526962.8,13127,rue bel air,vitrolles
13127007,4344542.2,524689.7,13127,avenue victorue gélu,vitrolles
13127009,4345859.8,524970.3,13127,quartierue du griffon,vitrolles
13127010,4345859.8,524970.3,13127,1 zac anjoly avenue d'italie,vitrolles
13130002,4349092.9,517194.6,13130,boulevard henri wallon,berre-l'étang
13130003,4347577.29,516730.9,13130,route nationale 113 113 quartierue crapoux,berre-l'étang
13130004,4347577.29,516730.9,13130,route nationale 113 quartierue crapoux,berre-l'étang
13130005,4349092.9,517194.6,13130, avenue henri wallon,berre-l'ã?tang
13130006,4353565.14,519244.09,13130,les grapoux route nationale 113,berre l'étang
13140001,4357614.17,499809.41,13140,boulevard jacques minet,miramas
13140002,4359507.44,499660.94,13140,route de salon,miramas
13140005,4360185.9,500683.12,13140,avenue du 8 mai 1945,miramas
13140008,4358889.6,500213.6,13140,route nationale 569 route d'istres,miramas
13140009,4358889.6,500213.6,13140,route nationale 569 route d istres,miramas
13140010,4358889.6,500213.6,13140,rn. 569 route d'istres,miramas
13150001,4382626.23,470193.82,13150,route d'avignon,tarascon
13150003,4379759.38,468773.74,13150,route de saint-rémy,tarascon
13150005,4380218.49,466353.02,13150,boulevard jules ferry,tarascon
13150006,4380218.49,466353.02,13150,boulevard jules ferry rd 99,tarascon
13160001,4389218.49,484988.73,13160,chemin de l'oratoire,châteaurenard
13160002,4388787.79,484968.24,13160,321 boulevard ernest genevet,châteaurenard
13160004,4387905.4,484977.32,13160,avenue delattre de tassigny,châteaurenard
13170003,4338770.26,534568.67,13170,route nationale 113,les pennes-mirabeau
13170007,4341108.13,531094.83,13170,970 d113 n,les pennes-mirabeau
13170008,4338144.85,534675.67,13170,113 avenue françois mitterand,les pennes-mirabeau
13170009,4341027.2,530892.2,13170,route de martigues,les pennes-mirabeau
13170010,4341027.2,530892.2,13170,1513 route départementale 113,les pennes-mirabeau
13170011,4341027.2,530892.2,13170,route de martigues,les pennes mirabeau
13180001,4338971.9,524629.08,13180,aire de rebuty a55,gignac-la-nerthe
13190001,4332618.1,547987.1,13190,avenue de provence,allauch
13200001,4360177.39,462437.51,13200,route nationale 113 deviation,arles
13200002,4366932.52,462058.27,13200,n°1 avenue bachaga said boualem,arles
13200004,4370051.14,464204.8,13200,12 avenue de la libération,arles
13200006,4369877.11,463919.83,13200,chemin des moines,arles
13200008,4360177.39,462437.51,13200,quartierue sud fourchon,arles
13200009,4360177.39,462437.51,13200,zac de la fourchon,arles
13200010,4369050.01,463766.35,13200,99 avenue de stalingrad,arles
13200013,4368168.82,461112.59,13200,97/99 avenue du docteurue morel,arles
13200014,4360177.39,462437.51,13200,route nationale 113 - déviation - aire des cantarelles,arles
13200015,4354259.87,473045.74,13200,route de port st louis,arles
13200016,4369050.01,463766.35,13200,99 avenue de stalingrad,arles
13200017,4360177.39,462437.51,13200,quartierue sud fourchon,arles
13210001,4378873.44,483607.37,13210,41 avenue de la liberation,saint-rémy-de-provence
13210002,4378865.2,483134.3,13210,n°11 impasse de la 1erue dfl zac de la gare,saint-rémy-de-provence
13210003,4378958.66,483312.7,13210,35 boulevard mirabeau,saint-rémy-de-provence
13220003,4338296,516463.6,13220,route nationale 568 chateauneuf les martigues,châteauneuf-les-martigues
13230001,4338857.25,480683.02,13230,2 avenue de la république,port-saint-louis-du-rhône
13230002,4339898.12,479214.04,13230,107 avenue du port,port-saint-louis-du-rhône
13230003,4339340.2,479835.3,13230, avenue du port,port-saint-louis-du-rhône
13240001,4339849.98,536626.57,13240,avenue du 8 mai 1945,septèmes-les-vallons
13260001,4322203.02,554375.19,13260,35 avenue maréchal foch,cassis
13260002,4321513.4,553712,13260,quartierue ste croix,cassis
13270001,4347454.83,491432.39,13270,zi - secteurue 83 - route nationale 568,fos-sur-mer
13270002,4347454.83,491432.39,13270,zone indust. sect. 83 route nationale 568,fos-sur-mer
13270004,4347454.83,491432.39,13270,deviation route nationale 568 ouest,fos-sur-mer
13270005,4345946.31,494143.05,13270,avenue georges pompidou,fos-sur-mer
13270007,4340098.1,498095.1,13270,route de port de bouc route nationale 568,fos-sur-mer
13270008,4345228.34,493967.11,13270,215 avenue georges pompidou,fos-sur-mer
13270009,4344810.36,495346.51,13270, chemin de mourre poussiou,fos-sur-mer
13270011,4347454.83,491432.39,13270,zone indust. sect. 83 route nationale 568,fos sur mer
13270012,4347454.83,491432.39,13270,zi - secteurue 83 - route nationale 568,fos sur mer
13270013,4340098.1,498095.1,13270,route de port de bouc route nationale 568,fos sur mer
13300001,4363212.76,509932.68,13300,666 boulevard roy rené,salon-de-provence
13300002,4361728.1,509672.15,13300,les broquetiers,salon-de-provence
13300004,4363729.03,504791.1,13300,route nationale 113 - zac de la crau avenue gabriel voisin,salon-de-provence
13300005,4363422.18,513443.8,13300,vieille route pélissanne,salon-de-provence
13300006,4359251.13,510948.48,13330,34 route de salon- route nationale 572,pelissanne
13300007,4365181.65,509806.13,13300,avenue de bretagne,salon-de-provence
13300008,4363451.2,509290.51,13300,boulevard reine jeanne,salon-de-provence
13300009,4359964.78,510270.28,13300,route nationale 113,salon-de-provence
13300010,4364019.9,509702.2,13300,route nationale 113 - zac de la crau,salon de provence
13310001,4363862.8,481210.7,13310,domaine du lac - route nationale 113,saint-martin-de-crau
13310002,4363862.8,481210.7,13310,za du cabrau,saint-martin-de-crau
13320001,4345115.2,541387.5,13320,autoroute a 51- aire de la champouse ,bouc-bel-air
13320003,4345115.2,541387.5,13320,cd6 relais de la salle,bouc-bel-air
13320004,4341225.27,535956.81,13320,le collet rouge r.n.8,bouc-bel-air
13320005,4343350.47,539566.87,13320,456 avenue des chabauds,bouc-bel-air
13320006,4346123.99,540825.6,13320,route nationale 8 quartierue de la mounine,bouc-bel-air
13320008,4345115.2,541387.5,13320,a51 aire des chabauds,bouc-bel-air
13320009,4345115.2,541387.5,13320,cd6,bouc-bel-air
13320010,4344152.13,539751.2,13320,687avenue de violèsi,bouc bel air
13320011,4345115.2,541387.5,13320,autoroute a51 - aire de la champouse,bouc bel air
13320012,4346200.23,540700.33,13320,341 avenue de la croix d or,bouc bel air
13340001,4348787.1,523463,13340,le plan,rognac
13360001,4334953.7,560399.6,13360,zac de st estève,roquevaire
13368001,4329251.81,547938.48,13011,route de la sablière,marseille
13370003,4373026.56,516794.55,13370,avenue de craponne,mallemort
13370005,4373156.7,518053.89,13370,rond point de douneau rn7,mallemort
13370006,4371303,519036.2,13370,avenue du pont royal,mallemort
13380001,4334237.06,545776.16,13380,124 avenue de la libération,plan-de-cuques
13380002,4334082.28,545673.27,13380,89 avenue de la liberation,plan-de-cuques
13390001,4336796.27,563900.35,13390, quartierue de la glacière,auriol
13400001,4329799.78,559045.66,13783,route de gemenos,aubagne
13400002,4329267.81,556764.25,13400,camp major,aubagne
13400003,4329608.4,558606.2,13400,camp de sarlierue route de gemenos,aubagne
13400004,4329972,556935.7,13400,avenue rogerue salengro,aubagne
13400005,4328795.19,560141.49,13400,298 av.des paluds,aubagne
13400007,4329465.45,556033.63,13400,550 avenue antide boyer,aubagne
13400009,4329267.81,556764.25,13400,route nationale 8 quartierue le charrel,aubagne
13400014,4329972,556935.7,13400,avenue rogerue salengro,aubagne
13410001,4364794.53,526772.41,13410,2 avenue leo lagrange,lambesc
13410002,4364725.58,525616.42,13410,avenue jean monnet,lambesc
13420001,4329538.8,562811.2,13420,route nationale 8 plainne de jouques,gemenos
13430001,4368882.58,503522.86,13430,chemin roudiers,eyguières
13430002,4368662.35,503092.87,13430,avenue de la gare,eyguieres
13440002,4385358.4,495041.8,13440,quartierue saint michel,cabannes
13460001,4345672.2,443216.7,13460, route de cacharel,saintes-maries-de-la-mer
13460003,4345466.57,442790.47,13460,26 avenue d'arles,saintes maries de la mer
13463001,4335448.74,534175.76,13015,centre commercial grand littoral - zac saint-andré,marseille
13470001,4325899.6,556543.8,13470,20 avenue antoine lavoisier,carnoux-en-provence
13480001,4346001.5,535286.5,13480,centre commercial calas,cabriès
13480002,4341886.9,536197.4,13480,plan de campagne,cabries
13490001,4363664.7,563955,13490,quartierue coudelier,jouques
13500001,4341833.92,505151.91,13500,avenue de canto-perdrix,martigues
13500002,4341224.13,504708.74,13500,avenue francis turcan,martigues
13500004,4339771.8,503870.36,13500,route de lavera,martigues
13500005,4340098.1,498095.1,13500,route nationale 568,martigues
13500006,4341008.85,502347.57,13500,4 avenue des ormeaux,martigues
13500007,4339966.94,506295.57,13500,rond point sainte anne,martigues
13500008,4339966.94,506295.57,13500, rond-point sainte-anne,martigues
13500010,4339966.94,506295.57,13500,rond-point sainte-anne,martigues
13500011,4339771.8,503870.36,13500,route de lavera,martigues
13500012,4341224.13,504708.74,13500,avenue francis turcan,martigues
13510001,4354378.91,535833.8,13510,route de berre,éguilles
13510002,4353916.91,529302.88,13510,543 route nationale,éguilles
13520001,4371827.5,478375.1,13520,quartierue bourgeac,paradou
13530001,4345720.11,567819.8,13530, z.a.c. de la burlière,trets
13530002,4344940.27,568603.28,13530,chemin du loup ,trets
13545001,4350574.47,539629.7,13546,1175 rue guillaume du vair,aix-en-provence
13550001,4387723.2,490206.5,13550,route nationale 7 quartierue du rabet,noves
13560001,4374384.93,507574.15,13560,10 avenue gabriel peri,sénas
13560002,4374152.02,511491.21,13560,17 route nationale 7,sénas
13560003,4373571,510355.1,13560,colline de la cabre,sénas
13560004,4374462.47,509110.62,13560,zac de la capelette,sénas
13570001,4390810,477115.1,13570,lieu-dit le grand roumette,barbentane
13580001,4355107.83,520174.46,13580,19avenue général de gaulle,la fare-les-oliviers
13580002,4354857.34,518418.87,13580,avenue des puisatiers,la fare-les-oliviers
13580003,4355107.83,520174.46,13580,19 avenue du général de gaulle,la fare-les-oliviers
13590001,4349450.9,552510.89,13590,r.n. 7,meyreuil
13590002,4348682.1,549512.2,13590,rond point de la croix,meyreuil 
13590003,4351195.8,548438.9,13590,rn7,meyreuil
13600001,4319656.18,559568.35,13600,1045 avenue émile bodin,la ciotat
13600002,4318934.06,563026.56,13600,avenue mireille,la ciotat
13600004,4317365.3,560515.5,13600,relais figuerolles route nationale 559,la ciotat
13600005,4318717.9,559922.2,13600,chemin du puits de brunet,la ciotat
13600006,4318412.04,560958.77,13600,avenue ernest subilia,la ciotat
13600008,4317365.3,560515.5,13600,autoroute a 50,la ciotat
13600011,4320000.2,563057.88,13600,aire du liouquet a 50,la ciotat
13600013,4318883.13,565914.7,13600,chemin des plaines baronnes,la ciotat
13600014,4319532.7,559579.7,13600,lieu-dit pignet de rohan,la ciotat
13600015,4317365.3,560515.5,13600,rd 559 avenue paul rovarch,la ciotat
13600016,4317365.3,560515.5,13600,autoroute a 50,la ciotat
13610001,4366262.1,545186.2,13610,les goirands,le puy-sainte-réparade
13620001,4333016.75,513945.89,13620,55 avenue draïo de la mar,carry-le-rouet
13620002,4332818.08,514999.72,13620,2 avenue draïo de la mar,carry-le-rouet
13626001,4364584.65,501950.38,13300,route de miramas,salon-de-provence
13630001,4384122.9,484256.4,13630,3 avenue du général de gaulle,eyragues
13640001,4371381.1,531610.9,13640,zi du grand pont rd 561,la roque-d'anthéron
13650001,4363599.3,552817.5,13650,aut a 51  aire de meyrargues/fontbelle,meyrargues
13650002,4363599.3,552817.5,13650,rd96 - 1717 a -,meyrargues
13650003,4363353.3,549523.61,13650,aire de meyrargues,meyrargues
13660002,4379122.3,503867.7,13660,vieille route de saint-rémy,orgon
13660004,4379232.41,503339.88,13660,chemin de la mine,orgon
13660005,4379171.33,503617.2,13660,avenue de la victoire,orgon
13670001,4383769,491888.4,13670,rn7 - quartierue des jesuites,verquières
13680001,4359381.02,517559.1,13680,autoroute a 7,lançon-provence
13680002,4363459.83,508821.86,13680,a 7 - aire de lancon de provence,lançon-provence
13680003,4357834.74,514997.4,13680,route nationale 113,lançon-provence
13680004,4359191.2,512682.4,13680, rue de l'abbé dureau,lançon-provence
13680007,4359890.356,515904.8557,13680,autoroute a7 - aire de lançon est,lancon de provence
13680008,4358562.944,520193.4219,13680,autoroute a7 - aire de lançon ouest,lancon de provence
13700001,4341823.06,527358.38,13180,autoroute a 55,gignac-la-nerthe
13700003,-2611440.79,2826276.29,13700,92 aeroport ,marignane
13700004,4341110.15,521700.03,13700,17 avenue du 8 mai 1945,marignane
13700005,4341246.43,520857.88,13700,chemin saint pierre,marignane
13700006,4341935.57,522305.15,13700,24 avenue du maréchal juin,marignane
13700007,4341193.19,521898.45,13700,avenue du 8 mai 1945,marignane
13700008,4341110.15,521700.03,13700,17 avenue du 8 mai 1945,marignane
13700009,4339091.6,523346.3,13700,autoroute a55 - aire gignac sud la nerthe,gignac la nerthe
13700010,4342127.39,521833.2,13700,92 aeroport bp 36,marignane
13700011,4341110.15,521700.03,13700,17 avenue du 8 mai 1945,marignane
13710001,4346080.4,560639.7,13710,cd6 zac saint charles,fuveau
13710002,4348068.3,553920,13710,route nationale 96 les 4 chemins la barque,fuveau
13710003,4345179.76,555520.99,13710,lotissement grand vallat,fuveau
13710004,4344349.64,554933.06,13710,chemin du jas de bassas,fuveau
13730001,4342023.4,523600.7,13730,zac de la lauve,saint-victoret
13740001,4340802.48,530889.03,13740,route nationale 568 b,le rove
13740002,4336894,525066.9,13740,route nationale 598 la carrairade,le rove
13741001,4344422.4,529357,13127,r.n. 113,vitrolles
13750001,4381044.66,500062.37,13750,535 route de cavaillon,plan-d'orgon
13750003,4380088.19,500510.44,13750,1054 route de marseille,plan-d'orgon
13750004,4382090.82,501584.89,13750,114 avenue de la pomme,plan-d'orgon
13751001,4341399.66,534505.67,13170,avenue du plan de campagne,les pennes-mirabeau
13770001,4363636.66,551672.74,13770,96 route nationale 96,venelles
13770002,4358296.61,547340.56,13770,104 avenue des logissons,venelles
13780002,4327548,570004.1,13780,rn8,cuges-les-pins
13780003,4327697.8,572162.5,13780,chemin de la curasse,cuges-les-pins
13790001,4348377.9,562058.7,13790,a8 aire de l'arc,rousset
13790003,4346808.12,558685.61,13790,chemin de rousset,rousset
13800001,4349168.7,496910.73,13800,route de fos surue mer,istres
13800004,4351786.51,497831.48,13800,quartierue les craux,istres
13800005,4350215.35,498588.06,13800,avenue felix gouin,istres
13800007,4350215.35,498588.06,13800,avenue félix gouin,istres
13800008,4350215.35,498588.06,13800,avenue félix gouin,istres
13800009,4350215.35,498588.06,13800, avenue félix gouin,istres
13850001,4343782,554535.9,13850,boulevard salvadorue allende,gréasque
13870001,4390174.31,480348.43,13870,23 avenue du général de gaulle,rognonas
13870002,4389850.3,480301.7,13870,30 avenue joseph caillet,rognonas
13880001,4352301.3,525346.7,13880,quartierue font de laurent,velaux
13880002,4352301.3,525346.7,13880,quartierue les restoufles,velaux
13890000,4369195.28,486088.98,13890,78 avenue rogerue salengro,mouriès
13920002,4343765.15,503686.13,13920,cd5 le crepon ouest,st mitre les remparts
13920003,4343765.15,503686.13,13920,quartierue les emplaniers,saint-mitre-les-remparts
13990002,4372714.54,471211.88,13990,70 cours hyacinthe bellon,fontvieille
30000002,4382016.26,433494.36,30900,boulevard du pasteurue marc boegner,nîmes
30000005,4385065.8,440076.37,30000,314 route d'avignon,nîmes
30000006,4383823.01,437209.02,30900,47 boulevard talabot,nîmes
30000008,4383974.57,437835.55,30000,route de beaucaire,nîmes
30000009,4383277.59,437994.53,30900,59 rue salomon reinach,nîmes
30000010,4384760.11,434646.79,30000,78 route d' alès,nîmes
30000011,4384790.42,439548.67,30000,route d'avignon,nimes
30000012,4384155.31,431437.36,30900,route de sauve,nîmes
30000016,4381544.44,436997.19,30900,120 chemin du mas fléchier,nîmes
30000018,4384080.57,437244.55,30000,89 rue pierre semard,nimes
30000019,4382502.03,437864.99,30000,390 avenue pierre mendes france,nimes
30021001,4381882.11,439271.77,30021,1755 avenue pierre mendes france,nîmes
30090001,4381344.71,433167.21,30900,2290 route de montpellier,nîmes
30100001,4410579.35,408843.58,30100, rue olivierue de serres,alès
30100002,4413102.66,407273.81,30100,quai bilina,alès
30100003,4415007.98,410135.56,30100,route de salindres,alès
30100005,4412149.53,408722.29,30100,44 avenue carnot ,alès
30100006,4413472.61,410543.72,30100,zi avenue de croupillac,alès
30100007,4412720.4,408335.2,30100,zac du rieu rocade est,alès
30100009,4411383.87,410097.18,30100,173 route de nîmes,alès
30100011,4413451.7,409213.64,30100,2 avenue d'indy,ales
30100012,4413897.54,408980.48,30100,198 avenue des frères lumière,alès
30100013,4413472.61,410543.72,30100,zi avenue de croupillac,ales
30104001,4411395.7,409566.4,30100,quai du mas d'hours,alès
30110002,4424499.74,402563.9,30110,route nationale 106,les salles-du-gardon
30110003,4421016.52,403323.19,30110,1 rue des tuileries,la grand-combe
30120002,4399292.7,360632.2,30120,place du maréchal juin,le vigan
30120003,4397056.8,360066.8,30120,quartierue tuberue cd 48,avèze
30126003,4406018.5,471380.6,30126,route de saint-géniès-de-comolas,saint-laurent-des-arbres
30126005,4400621.74,470891.87,30126,autoroute a9,tavel
30126008,4401293,469816.1,30126,aire de tavel sud,tavel
30127001,4375656.25,451233.27,30127,4 avenue des arenes,bellegarde
30127003,4375411.02,451383.61,30127,rd113,bellegarde
30129001,4382625.26,450175.8,30129,route beaucaire,redessan
30129002,4382315.7,446826.25,30129,de la republique,manduel
30130002,4426103.4,464807.9,30130,1 avenue du président kennedy,pont-saint-esprit
30130003,4424776.6,464470.61,30130, avenue du général de gaulle,pont-saint-esprit
30130004,4425472.5,464571.6,30130, avenue gaston doumergue,pont-saint-esprit
30130005,4427005.69,463257.62,30130,route d'ardèche,pont-saint-esprit
30130007,4425816.19,464917.57,30130, place du plan,pont-saint-esprit
30130010,4425816.19,464917.57,30130,place du plan,pont st esprit
30132002,4382696.97,437866.99,30132,allée chardonnay,caissargues
30132003,4379552,437898.8,30132, rond-point fanfonne guillerme,caissargues
30133001,4396108.91,474905.33,30133,1 avenue de tavel,les angles
30140001,4405129.9,398699.3,30140,rue de luxembourg,anduze
30140002,4405193.47,398480.34,30140,24 avenue du pasteurue rollin,anduze
30140003,4406493.88,397140.03,30140,1600 route de saint-jean-du-gard,anduze
30150001,4405270.34,477926.56,30150,boulevard national,roquemaure
30150002,4404450.14,478801.21,30150,route d'avignon,roquemaure
30160001,4428833.55,410219.14,30160, rue du docteurue paul vermale,besseges
30160002,4429048.18,410729.79,30160,sauvegarde,bessèges
30170001,4396085.6,385770.7,30170,place de la couronne,saint-hippolyte-du-fort
30190001,4413545.4,409335.4,30190,route d'alès,la calmette
30190002,4398917.2,421352.7,30190,rn106,brignon
30190003,4392476.6,425941.5,30190,avenue charles de gaulle,la calmette
30190004,4394502.5,422904.4,30190,4 lieu-dit les gousats,saint-geniès-de-malgoirès
30200003,4418213.22,462031.35,30200,route pont-saint-esprit,bagnols-sur-cèze
30200004,4415127.2,461185.9,30200,route de tresques,bagnols-sur-cèze
30200005,4413156.6,466774.4,30200,route d'avignon route nationale 580,orsan
30200006,4413156.6,466774.4,30200,route d'avignon - route nationale 580,orsan
30210001,4393951.8,456429.6,30210,impasse roussin,remoulins
30210002,4393911.77,457047.88,30210,86 avenue geoffroy perret,remoulins
30210004,4394554.66,457088.74,30210,route de bagnols,remoulins
30210005,4392886,460123,30210,rn100,fournes remoulins
30210006,4394273.17,456987.34,30210,32 route de bagnols,remoulins
30220001,4357646.5,419840.12,30220,940 route de nîmes,aigues-mortes
30220002,4357488.24,419662.81,30220, route de nîmes,aigues-mortes
30220003,4362897.36,419190.42,30220,180 avenue du general trouchaud,saint-laurent-d'aigouze
30240001,4351398.4,416161.43,30240,za du port de pêche,le grau-du-roi
30240002,4346932.7,420709.4,30240,62 terre neuve,le grau-du-roi
30240004,4351952.67,413252.88,30240,1 rue altier,le grau du roi
30250001,4377737.3,407594.89,30250,route de saussines,sommières
30250002,4379156.1,412705,30250,le grand jardin,aujargues
30250003,4379088.31,409060.34,30250,20 avenue de la calmette,villevieille
30260001,4391488.42,399477.43,30260,avenue de l'aigoual,quissac
30260002,4390019.57,400667.94,30260, route de nîmes,quissac
30290001,4410561.39,466053.83,30290,rue victorue hugo,laudun
30300002,4381151.35,463463.8,30300,16 avenue de farciennes,beaucaire
30300003,4381689.57,461783.52,30300,route de nimes,beaucaire
30300005,4380723.5,464426.9,30300,zi domitia sud,beaucaire
30300006,4987755.81,299686.94,30300,route nationale 113,fourques
30300008,4381216.32,463084.97,30300,36 avenue de farciennes,beaucaire
30300010,4381151.35,463463.8,30300,16 avenue de farciennes,beaucaire
30300011,4379087.14,463726.6,30300,avenue jean monnet,beaucaire
30310001,4369897.95,423223.51,30310,route de codognan,vergèze
30320001,4386676.95,444367.69,30320,58 avenue clément aderue ,marguerittes
30320002,4349319.63,238899.75,30320,autoroute a 9,marguerittes
30320003,4386277.2,443310.55,30320,a 9 aire de nimes marguerittes,marguerittes
30320004,4385949.67,443233.56,30320,92 allée de la pigoline,marguerittes
30320005,4386277.2,443310.55,30320,aire de nîmes marguerittes - a 9,marguerittes
30320006,4386277.2,443310.55,30320,autoroute a9 - aire de marguerites nord,marguerittes
30330001,4415712.86,462295.43,30200,avenue de la mayre,bagnols-sur-cèze
30340002,4417807.1,414904.6,30340,le saut du loup,salindres
30340003,4413023.72,412377.88,30340,65 route de bagnols,saint privat des vieux
30350001,4398525.49,410592.52,30350,153 route de montpellier,lédignan
30360001,4422434.8,448871.19,30630,route de barjac,cornillon
30360002,4404533.45,414551.99,30360,372 chemin de la rouvierette,vézénobres
30380001,4409184.75,406477.48,30380,vieille route d'anduze,saint-christol-lès-alès
30400001,4398523.1,479223.3,30400,route de pujaut,villeneuve-lès-avignon
30400002,4395760.7,477855.68,30400,97 avenue general leclerc,villeneuve-lès-avignon
30400004,4395812.89,478083.7,30400,118 avenue général leclerc,villeneuve les avignon
30400005,4395760.7,477855.68,30400,97 avenue general leclerc,villeneuve les avignon
30410001,4427036.16,416874.56,30410,286 rue de la digue,meyrannes
30420001,4378516.4,419152.4,30420,le vigne bas cd 40,calvisson
30430002,4430843.5,434643.1,30430,quartierue reboulasse,barjac
30470001,4368508.09,420884.9,30470,route des plages,aimargues
30470002,4368387.34,421095.57,30470,rd 6313 route de la petite camargue,aimargues
30470004,4368508.09,420884.9,30470,rd 6313 - route de la petite cam,aimargues
30490002,4387295.03,459603.64,30490,13 avenue du général de gaulle,montfrin
30500001,4426821.81,419575.75,30500,route de saint-brès,saint-ambroix
30500002,4425203.67,420073.64,30500,route d'uzès,saint-ambroix
30500003,4425203.67,420073.64,30500,route d'uzès,st ambroix
30510002,4374319.35,434260.17,30510,km2 route de nimes,générac
30540001,4378462.3,429983.57,30540,37 rue de l'aubepin,milhaud
30580001,4415378.9,436674.5,30580,lieu-dit mas neuf,lussan
30600002,4368720.1,427235.09,30600, avenue de la condamine,vauvert
30600003,4363247.07,425927.9,30600,mas saint-laurent,vauvert
30620001,4376681.92,428174.78,30620,chemin de calvisson,bernis
30650001,4397248.04,468208.14,30650,avenue de sygnargues,rochefort du gard
30700001,4399255.7,442474.7,30700,pont des charettes,uzès
30700002,4400935.06,441852.17,30700,6 avenue maréchal foch,uzès
30700003,4400819.86,441761.87,30700,10 croix palmier,uzès
30700004,4403075.83,437325.99,30700,route d'alès,montaren-et-saint-médiers
30700006,4401070.33,441009.08,30700,avenue de la gare,uzes
30700007,4400935.06,441852.17,30700,6/8 avenue marechal foch,uzes
30720001,4403870.84,410035.49,30720,13 route d'alès,ribaute-les-tavernes
30750001,4413080.9,338353.8,30750,le gardiol,lanuéjols
30800001,4367197.8,442219.05,30800,1 rue de cambon,saint-gilles
30820001,4380712.57,429730.53,30820,c.d. 540,caveirac
30820002,4383571.06,426410.3,30820,cd 40,caveirac
30900001,4383339.98,432569.18,30900,avenue du docteurue claude baillet,nîmes
30900002,4381771.68,434313.5,30900,405 chemin bas de montpellier,nîmes
30900004,4382177.05,433766.04,30900,15 rue des poetes,nîmes
30900006,4384451.9,430074.88,30900,273 route de sauve,nîmes
30900008,4382502.03,437864.99,30900,390 avenue pierre mendès france,nîmes
30900009,4383339.98,432569.18,30900,35 rodophe diesel,nîmes
30900010,4382612.56,435280.01,30900,40 avenue maréchal juin,nîmes
30900011,4382612.56,435280.01,30900,40 avenue maréchal juin,nîmes
30900014,4382612.56,435280.01,30900,40 avenue marechal juin,nîmes
30900015,4381344.71,433167.21,30900,2290 route de montpellier,nimes
30900016,4382016.26,433494.36,30900,boulevard pasteurue marc boegner,nimes
30900017,4380998.81,432948.09,30900,2705 route de montpellier,nimes
30900018,4381200.74,433957.37,30900,35 rue rudolphe diesel,nimes
30960001,4422713.09,416028.45,30960,les cambons,les mages
30980001,4380649.44,423156.17,30980, route de nîmes,saint-dionizy
31000001,4358786.77,141045.76,31100,328 route de saint-simon,toulouse
31000002,4362460.04,147475.41,31500,route d agde,toulouse
31000003,4363636.59,143342.01,31200,138 avenue de fronton,toulouse
31000004,4362653.55,147579.26,31000,65 route d agde,toulouse
31075001,4363497.07,148246.06,31200,92 chemin de gabardie,toulouse
31076001,4360861.38,139436.69,31076,36 route de bayonne,toulouse
31084001,4355278.06,140328.82,31084,10 boulevard de thibaud,toulouse
31100003,4358454.93,137327.36,31100,30 chemin de ferro-lébrès,toulouse
31100004,4355895.29,140507.65,31100,138 bis route de seysses,toulouse
31100006,4357443.26,142387.65,31100,80 route d'espagne,toulouse
31100007,4358080.38,139565.15,31100,222 route de st simon,toulouse
31100009,4358080.38,139565.15,31100,222 route de saint-simon,toulouse
31100010,4358080.38,139565.15,31100,222 route de saint simon,toulouse
31100011,4357443.26,142387.65,31100,80 route d espagne,toulouse
31106001,4356182.24,139516.94,31100,place edouard bouillieres,toulouse
31110001,4280388.3,59892.72,31110,avenue rémy comet,bagnères-de-luchon
31110002,4281521.99,59724.1,31110,les trêtes moustajon,moustajon
31120001,4353422.37,139628.58,31120,boulevard de l'europe,portet-sur-garonne
31120002,4352462.22,139888.98,31120,106 route d'espagne,portet-sur-garonne
31120003,4352855.9,139953.5,31120,route de la croix falgarde,portet-sur-garonne
31120004,4352353.7,139794.25,31120,43 route d'espagne,portet-sur-garonne
31120005,4354315.13,141598.45,31120,50 route d'espagne,portet-sur-garonne
31120006,4351184.02,136817.72,31120,1 allée de fraïxinet,roques
31120007,4350019.07,139203.53,31120, 99 rue d'andorre,pinsaguel
31120008,4352462.22,139888.98,31120,106 route d'espagne,portet-sur-garonne
31120009,4352462.22,139888.98,31120,106 route d'espagne,portet sur garonne
31120010,4352353.7,139794.25,31120,43 route d espagne,portet sur garonne
31130002,4359241.81,150661.28,31130,route de castres lasbordes,balma
31130003,4360803.35,148692.3,31130,23 avenue des aérostiers,balma
31130004,4361242.8,148906.8,31130,chemin des arènes,balma
31130005,4360957.68,149244.84,31130,43 avenue des aérostiers,balma
31130006,4360957.68,149244.84,31130,43   avenue des aérostiers,balma
31130007,4359470,156237.5,31130,lieu dit moussard  route de castres,flourens
31130008,4360957.68,149244.84,31130,43 avenue des aerostiers,balma
31140001,4367683.33,142442.91,31140,102 route de fronton,fonbeauzard
31140002,4368392.13,141976.74,31140,16 avenue de fronton,saint-alban
31140003,4367812.56,142363.83,31140,114 route de fronton,fonbeauzard
31140004,4370712.21,146594.66,31140,2 rue du 8 mai 1945,pechbonnieu
31140005,4370820.71,139674.86,31140,rue jean rouquette,saint-alban
31140006,4365887.12,145701.05,31140, rue benjamin franklin,launaguet
31140007,4365955.6,143165.33,31140,17 route de fronton,aucamville
31140008,4367988.84,144871.1,31140,route de béssières,fonbeauzard
31140009,4367908.08,142260.15,31140, route de fronton,saint-alban
31140010,4368392.13,141976.74,31140,16 avenue de fronton,st alban
31140011,4367812.56,142363.83,31140,114 route de fronton,fonbeauzard
31150001,4368703.45,140525.83,31150,route de paris,fenouillet
31150002,4372094.04,141274.75,31150,avenue du bruguet,bruguières
31150003,4372286.3,140904.26,31150,38 avenue de toulouse,bruguières
31150004,4371533,141694.3,31150, rue de la gravette,gratentour
31150005,4372286.3,140904.26,31150,38 route de toulouse,bruguieres
31150006,4372056.5,139866.59,31150,5 rue gutenberg,bruguières
31170001,4357697.4,132514.54,31170,route de tarbes,tournefeuille
31170002,4358146.59,134409.87,31170,5 impasse bertrand panouse,tournefeuille
31170004,4358290,134683.4,31170,centre commercial bordeneuve,tournefeuille
31170007,4358621.23,134823.42,31170,20 boulevard vincent auriol,tournefeuille
31180001,4366378.2,152524.5,31180,route d'albi - route nationale 88,rouffiac-tolosan
31190001,4335319.35,146861.74,31190,27 route de toulouse,auterive
31190002,4335262.7,147750.69,31190,rn20,auterive
31190003,4336282.13,145845.8,31190,89 route de toulouse,auterive
31190004,4335319.35,146861.74,31190,27 route de toulouse,auterive
31200001,4361954.02,142338.89,31200,103 boulevard de suisse,toulouse
31200002,4364277.15,146654.56,31200,211 route d'albi,toulouse
31200008,4363969.69,142982.04,31200,168 avenue des états-unis,toulouse
31200009,4364713.93,142540.29,31200,avenue des états-unis,toulouse
31200011,4361581.98,142125.81,31200,55 boulevard de suisse,toulouse
31200013,4361610.34,144736.58,31200,20 boulevard des minimes,toulouse
31200016,4365789.13,141941.9,31200,353 avenue des états unis,toulouse
31200019,4365550.61,142158.19,31200,341 avenue des états-unis,toulouse
31200020,4361954.02,142338.89,31200,103 boulevard de suisse,toulouse
31200021,4361610.34,144736.58,31200,20 blieu-dit des minimes,toulouse
31200022,4361581.98,142125.81,31200,55 boulevard de suisse,toulouse
31200023,4365789.13,141941.9,31200,353 avenue des etats unis,toulouse
31210001,4306689.65,58741.45,31210,avenue de luchon,gourdan-polignan
31210002,4309784.4,62617.5,31210,autoroute a 64  bp 03,clarac
31210004,4308760.99,56787.36,31210,avenue du nord,montréjeau
31210005,4308734.11,57602.73,31210,40 avenue de saint-gaudens,montréjeau
31210006,4308718.54,57544.15,31210,21 bis avenue de saint gaudens,montrejeau
31210007,4309784.4,62617.5,31210,a64 aire du comminges,clarac
31220001,4319330.09,99688.5,31220,avenue des pyrénées,martres-tolosane
31220002,4321021.74,108561.97,31220, avenue pasteur,cazères
31220005,4320839.22,109020.13,31220, rue de la croix de l'olivier,cazères
31220006,4326804.2,111425.4,31220,a64 sortie n°24      lieu dit catalan,lavelanet de comminges
31230003,4339184.4,83839.9,31230,le pont neuf,l'isle-en-dodon
31230004,4339746.38,84273.17,31230,57 route de toulouse,l'isle-en-dodon
31240002,4364818.6,148657.67,31240,avenue de bayonne,l'union
31240003,4364906.63,150646.6,31240,6 avenue de dancelle,saint-jean
31240004,4365498.07,147130.77,31240,42 route de bessières,l'union
31240005,4365768.7,148113.2,31240,10 avenue de toulouse,l'union
31250001,4345537.6,199758.3,31250, avenue de castelnaudary,revel
31250002,4346380.03,200591.67,31250,chemin des bordes,revel
31250003,4346348.6,200683.29,31250,27 avenue de castres,revel
31250004,4345350.53,199412.58,31250,impasse du forum,revel
31250005,4345674.66,200224.66,31250,6 boulevard denfert rochereau,revel
31260001,4308137.39,95167.7,31260,route salies,mane
31270003,4352323.62,132258.79,31270,chemin mailheaux,frouzins
31270004,4352916.56,134906.77,31270,34 rue de la vimona,cugnaux
31270005,4354653.8,135296.51,31270,rue henry gladi,cugnaux
31270006,4352442.85,134377.04,31270,8 avenue de francazal,villeneuve-tolosane
31270007,4352442.85,134377.04,31270,8 avenue de francazal,villeneuve tolosane
31290001,4339967.97,170211.56,31290,zac de borde blanche,villefranche-de-lauragais
31290002,4336683.3,178434,31290,a 61 - aire de port lauragais su,avignonet-lauragais
31290003,4336683.3,178434,31290,a61-aire de lauragais nord les c,avignonet-lauragais
31290004,4336683.3,178434,31290,rn.113,avignonet-lauragais
31290005,4340296.6,171240.03,31290,170 avenue de la république,villefranche-de-lauragais
31290007,4339911.5,171863.4,31290,route nationale 113,villefranche-de-lauragais
31290008,4336683.3,178434,31290,autoroute a61 - aire du port lauragais sud,avignonet lauragais
31290009,4336683.3,178434,31290,autoroute a61 - aire du port lauragais nord,avignonet lauragais
31300002,4359929.73,141709.62,31300,104 avenue de grande-bretagne,toulouse
31300003,4359430.79,139687.12,31300,5 avenue groupe morhange ,toulouse
31300004,4360073.82,139858.69,31300,6 avenue du groupe morhange,toulouse
31300005,4358811.48,142393.25,31300,boulevard deodat de severac,toulouse
31300006,4360510.74,139034.25,31300,avenue du goupe morhange,toulouse
31300007,4359929.73,141709.62,31300,104 avenue gde bretagne,toulouse
31300008,4360073.82,139858.69,31300,6 avenue du goupe morhange,toulouse
31310001,4326433.2,119415.02,31310,21 route de carbonne,rieux
31310002,4320342.6,122769.4,31310,avenue des pyrénées,montesquieu-volvestre
31310004,4326433.2,119415.02,31310,21 route de carbonne,rieux-volvestre
31320001,4351906.17,151011.23,31320,route de labège ,castanet-tolosan
31320004,4351426.27,150006.82,31320,23 avenue du lauragais,castanet tolosan
31320005,4351426.27,150006.82,31320,23 avenue du lauragais,castanet-tolosan
31330001,4376377.79,129868.39,31330,avenue kennedy,grenade
31330002,4377058.6,128538.15,31330,1 avenue de gascogne,grenade
31330004,4372208.3,129516.98,31330,rue du stade,merville
31330005,4376895.12,129569.84,31330,avenue lazare carnot,grenade
31340001,4385949.02,150502.33,31340, rue pierre marchet,villemur-sur-tarn
31350002,4328881.08,65394.57,31350,route de st gaudens,boulogne-sur-gesse
31350003,4328630.1,65018.1,31350, avenue charles suran,boulogne-sur-gesse
31370001,4341937.14,109876.78,31370,route de samatan,rieumes
31380002,4370809.6,156163.1,31380,chemin du château,garidech
31390001,4329800.98,121936.21,31390,route de l'arize,carbonne
31400002,4357572.48,148811.1,31400,68 route de revel,toulouse
31400005,4356656.61,145845.73,31400,105 route de narbonne,toulouse
31400006,4357500.11,148948.96,31400,90 route de revel,toulouse
31400007,4357001,145697.25,31400,58 route de narbonne,toulouse
31400008,4357252.61,147497.04,31400,170 avenue de lespinet,toulouse
31400009,4357488.06,145575.99,31400,56 avenue de rangueil,toulouse
31400010,4358958.97,145552.86,31400,36 allee des demoiselles,toulouse
31410001,4335531.4,123967.9,31410,grand'rue,longages
31410002,4333651.1,125762.8,31410,aut a 64  aire de volvestre,capens
31410003,4333651.1,125762.8,31410,aut a 64  aire de garonne,capens
31410004,4339458.16,125464.15,31410,13 avenue du bouquier,lavernose-lacasse
31410007,4332926.18,131824.68,31410,zone commerciale ste anne avenue du cimetiere,saint-sulpice-sur-lèze
31410008,4335813.76,127462.99,31410,route de toulouse,noé
31420001,4321149.87,89733.29,31420,zone artisanale lieu-dit coumatou,aurignac
31420003,4321149.87,89733.29,31420,z.a de coumatou,aurignac
31430001,4328870.58,106770.29,31430,lieu-dit les clotes,le fousseret
31440001,4291402.66,63997.72,31440,r.n. 125,cierp-gaud
31440002,4291351.74,64911.83,31440,rue des pradettes,cierp-gaud
31450001,4348412.6,153106.4,31450,a61 aire de toulouse sud/nord,deyme
31450002,4348412.6,153106.4,31450,aire de toulouse sud a 61,deyme
31450003,4345344.02,158603.36,31450,route nationale 113 lieu dit en rouzaut,montgiscard
31450004,4350764.2,156885.2,31450,za de la balme,belberaud
31460002,4353481.23,174649.1,31460, avenue de toulouse,caraman
31470001,4354096.55,123853.26,31470,3124 route de tarbes,fonsorbes
31470002,4351811.22,118341.25,31470,725 route de toulouse,saint-lys
31470003,4351785.15,118080.16,31470,615 route de toulouse,saint-lys
31470004,4353297.36,122757.16,31470,avenue du château d'eau,fonsorbes
31470005,4351239.15,118854.48,31470,95 avenue du languedoc,saint-lys
31470006,4355255.6,119141,31470,lieu dit la pichette - 1 place campariol,fontenilles
31480002,4372990.7,106381.95,31480,lassoulant,cadours
31490001,4360112.21,126301.74,31490,5 avenue de lengel,léguevin
31500003,4361498.66,145248.98,31500,22 avenue de lyon,toulouse
31500004,4359437.9,148877.83,31500,228 route de castres,toulouse
31500006,4361763.34,146612.04,31500,avenue yves brunaud,toulouse
31500007,4362616.3,145848.34,31000,231 faubourg bonnefoy,toulouse
31500008,4360614.68,148098.31,31500,151 avenue jean chaubet,toulouse
31500010,4359266.29,146716.14,31500,141/143 avenue jean rieux,toulouse
31500012,4360510.71,147894.86,31500,144 avenue jean chaubet,toulouse
31500013,4359837.48,148768.45,31500,6 rue claudius rougenet,toulouse
31520003,4353589.06,147764.53,31520,1 rue louis braille,ramonville-saint-agne
31520004,4354018.98,147941.84,31520,98 avenue tolosane,ramonville-saint-agne
31520005,4354018.98,147941.84,31520,98 avenue tolosane,ramonville saint agne
31530001,4370191.2,122735.28,31530,route de grenade,lévignac
31530003,4369631.5,122403,31530,za de larcenne,saint-paul-sur-save
31560001,4336552.88,162098.25,31560,za du tambouret avenue de cocagne,nailloux
31570001,4356138.03,165859.9,31570, route de caraman,lanta
31590001,4365828.19,166972.61,31590,route de lavaur,verfeil
31590002,4365266.5,165244.89,31590,route de puylaurens,verfeil
31590003,4354447.4,147642,31520, avenue tolosane,ramonville st agne
31600001,4341943.07,137339.51,31600,2 boulevard de la leze,eaunes
31600002,4347156.83,133073.03,31600,68 avenue jacques douzans,muret
31600003,4346157.4,133071,31600,guerin,muret
31600004,4344324.71,131528.12,31600,avenue des pyrénées,muret
31600005,4349859.6,131082.2,31600,za segla,seysses
31600006,4347397,133232.69,31600,1 bis boulevard joffrery,muret
31600007,4346157.4,133071,31600,route nationale 117 - lieu dit guerin,muret
31620001,4379853.38,137189.08,31620,a62,castelnau-d'estrétefonds
31620002,4377883.99,140559.11,31620, rue jean jaurès,bouloc
31620004,4378389.7,135767,31620,aire du frontonnais,castelnau-d'estrétefonds
31620005,4382940.27,139341.29,31620,800 route de toulouse,fronton
31620006,4378389.7,135767,31620,12 chemin de la garrigue - rn20,castelnau d'estretefonds
31620007,4376532.09,137023.07,31620,1 rue de l'ourméde,castelnau d'estretefonds
31620009,4378073.64,141407.23,31620,rue des juillasses,bouloc
31650001,4355662.41,152955.9,31650,4 avenue de gameville,saint-orens-de-gameville
31650002,4356549.12,151949.47,31650,allée des champs pinsons,saint-orens-de-gameville
31650003,4355662.41,152955.9,31650,4 avenue de gameville,st orens de gamevill
31660001,4379785.66,161268.72,31660,59 avenue de castres,bessières
31660002,4380594.03,158027.14,31660,route de montauban,bessières
31660003,4377889.29,163259.8,31660,za al cros,buzet-sur-tarn
31660004,4377889.29,163259.8,31660,impasse al croz,buzet-sur-tarn
31670001,4353673.34,152805.56,31670,centre commercial de l,autan
31673001,4353673.34,152805.56,31670,centre commercial labege 2,labège
31700001,4366687.19,129460.78,31700,route de toulouse,mondonville
31700002,4363239,138986,31700,rd 902,blagnac
31700003,4363806.84,139035.52,31700,120 route de grenade,blagnac
31700004,4362617.85,139829.91,31700,9 avenue du général compans,blagnac
31700005,4364546.96,137207.84,31700,2 allée émile zola,blagnac
31700006,4362517.05,138232.07,31700,avenue dewoitine,cornebarrieu
31700007,4366748.1,136427.49,31700,avenue de garossos,beauzelle
31700009,4363806.84,139035.52,31700,120 route de grenade,blagnac
31700010,4363239,138986,31700,rd 902,blagnac
31770001,4361526.3,132878.3,31770,chemin de l'ormeau,colomiers
31770002,4361095.03,132926.98,31770,avenue du general de gaulle,colomiers
31770004,4361020.79,135344.15,31770,2 avenue edouard serres,colomiers
31770005,4360938.84,133627.39,31770,boulevard eugene montel,colomiers
31780001,4368829.39,144062.61,31780,chemin de buffebiau,castelginest
31790002,4372567.52,138103.38,31790,66 bis route de paris d820,saint-jory
31790003,4374308,137023.9,31790,lieu dit cabourdy - rd820,saint-jory
31800001,4311052.05,73646.93,31800,80 bis avenue francois mitterand,saint-gaudens
31800002,4311295.97,83095.23,31800,route nationale 117,estancarbon
31800003,4312049.06,72587.56,31800,71 avenue de l'isle,saint-gaudens
31800004,4310554.36,81433.01,31800,route d'estancarbon,estancarbon
31800005,4310916.5,71757.4,31800,rue lavoisier,saint-gaudens
31800006,4308248.09,67688.57,31800,24 avenue du maréchal foch,labarthe-rivière
31800007,4311052.05,73646.93,31800,80 bis avenue francois mitterran,st gaudens
31800008,4311436.84,76074.57,31800,zac des landes 10 avenue du cagire,estancarbon
31810002,4342836.16,144563.48,31810,route de narbonne rd19,venerque
31810003,4343962.29,142449.69,31810,avenue de toulouse,vernet
31820001,4360888.58,128504.1,31820,cd 65 route de toulouse,pibrac
31830001,4356956.29,130905.26,31830,2 rue pierre loti,plaisance-du-touch
31840001,4368691.35,133499.12,31840, route de seilh,aussonne
31850002,4364625,155515.2,31850,cd 112,beaupuy
31850003,4365058.85,153169.6,31850, chemin de saint-jean,montrabé
31860001,4345885.8,139935.6,31860,chez manon - 496 rn20,labarthe-sur-lèze
31860003,4345768.49,139605.16,31860,route du planthaurel,labarthe-sur-lèze
31860004,4348023.12,138647.49,31860, chemin de la croisette,pins-justaret
31860005,4345508.86,139519.06,31860,2111 route du plantaurel,labarthe sur leze
31880001,4358117.78,127353.31,31880,avenue des capitouls,la salvetat-saint-gilles
34000001,4358547.32,388171.58,34000,429 avenue du marché gare,montpellier
34000002,4359585.92,384681.66,34070,avenue de vanieres,montpellier
34000003,4362620.85,389541.5,34000,24 avenue de nimes,montpellier
34000005,4362044.09,381847.9,34000,70 avenue de l'europe,montpellier
34000006,4361476.61,389795.44,34000,avenue de pompignane,montpellier
34000008,4358955.37,388789.53,34070,rue de l'abrivado,montpellier
34000009,4360661.5,388660.39,34000,427 avenue des états du languedoc,montpellier
34000010,4358099.1,387634.83,34070,zac de tournezy,montpellier
34000011,4363306.6,385123.05,34090,812 route de ganges,montpellier
34000012,4360758.2,391575.08,34070,avenue pierre mendes france,montpellier
34000013,4360833.25,391285.31,34000,1160 avenue pierre mendes france,montpellier
34000014,4362044.09,381847.9,34000,70 avenue de l'europe,montpellier
34000015,4361476.61,389795.44,34000,avenue de pompignane,montpellier
34070001,4358658.76,388926.32,34070,avenue du mas argelliers,montpellier
34070002,4356423.641,394708.4048,34475,cs 50003,perols
34070003,4358889.34,385514.09,34070,1742 route de toulouse,montpellier
34070004,4359204.4,386667.45,34070,avenue villeneuve d'angoulême,montpellier
34070006,4360374.56,383924.12,34070,avenue de la recambale,montpellier
34070009,4361239.19,383979.14,34070,129 bis avenue de lodève,montpellier
34070011,4359302.04,385944.96,34070,146 avenue de toulouse,montpellier
34070012,4359204.4,386667.45,34070,avenue villeneuve d'angouleme,montpellier
34070014,4360888.84,385410.06,34070,1804 avenue de la liberté,montpellier
34070016,4360374.56,383924.12,34070,avenue de la recambale,montpellier
34070017,4358945.53,388857.33,34070,1 rue de l'abrivado,montpellier
34070018,4359585.92,384681.66,34070,avenue de vanieres,montpellier
34070019,4361239.19,383979.14,34070,129 avenue de lodeve,montpellier
34070020,4359629.88,388699.95,34070,112 avenue de palavas,montpellier
34080001,4361481.21,382468.2,34080,57 route de lodève,montpellier
34090002,4362663.95,387545.3,34090,459 avenue de la justice de castelnau,montpellier
34090003,4362663.95,387545.3,34090,459 avenue de la justice,montpellier
34100001,4361827.79,384380.03,34080,544 rue paul rimbaud,montpellier
34110001,4344528.88,375147.39,34110,14 avenue des vignerons,frontignan
34110002,4343874.61,369971.06,34110,route de sète,frontignan
34110003,4342072.62,373314.47,34110,route sète,frontignan
34110004,4346094.57,376616.03,34110,lieu-dit le barnier,frontignan
34110005,4344528.88,375147.39,34110,route nationale 108 14 avenue des vignerons,frontignan
34120001,4345451.59,342151.79,34120,26 avenue de verdun,pézenas
34120002,4345195.48,341772.37,34120,38 avenue de verdun,pézenas
34120004,4346239.85,342520.38,34120,2 faubourg des cordeliers,pézenas
34120005,4345556.36,342251.91,34120,18 avenue de verdun,pézenas
34120006,4346401.86,342764.34,34120,28 faubourg des cordeliers,pézenas
34130002,4363693.2,396622.1,34130,zac st antoine cd.112,saint-aunès
34130003,4361342.81,400573.89,34130,168 avenue de la mer,mauguio
34130004,4361544.09,401016.5,34130,1030 avenue théo luce,mauguio
34130005,4362533.33,401591.18,34130,z.a.c. la louvade,mauguio
34140001,4342859.39,360699.3,34140,avenue de montpellier,mèze
34140003,4904073.32,346060.57,34140,route nationale 113,mèze
34140004,4342571.18,360234.09,34140,avenue du général de gaulle,mèze
34140006,4344947.7,365413.8,34140,route départementale 613,bouzigues
34150001,4369020.08,358362.54,34150, route de saint-guilhem,aniane
34150003,4364598.98,354288.41,34150,route de pézenas,gignac
34160001,4367608.01,398341.34,34160,28 avenue de montpellier,castries
34170001,4362288.93,389898.68,34170,753 route de la pompignane,castelnau-le-lez
34170002,4363494.29,392415.85,34170,278 route de nîmes,castelnau-le-lez
34170003,4363775.77,391645.85,34170,avenue de l'industrie,castelnau-le-lez
34170004,4363471.18,392289.97,34170,69 route de nîmes,castelnau-le-lez
34190001,4393461.4,370878.7,34190,quartierue des calquières,ganges
34190002,4392266.3,372384.9,34190,route de montpellier,laroque
34200001,4340690.25,366629.69,34200, boulevard camille blanc,sète
34200002,4340745.47,370549.06,34200,332 avenue du maréchal juin,sète
34200003,4341570.95,371946.03,34200,1356 avenue gilbert martelli,sète
34200004,4341305.12,368361.42,34200,4 boulevard de verdun,sète
34200006,4341230.64,368150.61,34200,862 boulevard de verdun,sète
34200012,4340384.32,366263.96,34200,79 boulevard camille,sete
34200013,4341173.6,369029.14,34200,134 boulevard de verdun,sete
34210003,4328410.34,273917.61,34210,route d oupia,olonzac
34220001,4348715.51,277186.57,34220, avenue de la gare,saint-pons-de-thomières
34220002,4348771.5,276447.85,34220,12 avenue de la gare,saint pons de thomières
34230001,4354448.5,346283.94,34230,29 route de clermont,paulhan
34230002,4353964.5,345937.1,34230,zae la barthe bp6 la carnuse,paulhan
34250001,4352890.6,393349.3,34250,pont des 4 canaux route nationale 586,palavas-les-flots
34250002,4353326.76,391617.94,34250,les 4 canaux,palavas-les-flots
34250003,4353465.9,391881.1,34250,pont des 4 canaux - rd 986,palavas les flots
34260001,4363725.64,316326.58,34260,route de lodève,la tour-sur-orb
34270001,4377312.23,387571.19,34270,115 avenue de la république,saint-mathieu-de-tréviers
34280001,4356055.03,407519.52,34280,rue des artisans,la grande-motte
34280002,4354860.485,397903.0089,34280,rd.62e,carnon
34280003,4356075.13,408816.35,34280,avenue de melgueil,la grande-motte
34280004,4355820.43,409014.79,34280,avenue de l'europe,la grande motte
34280005,4354860.485,397903.0089,34280,route departementale 59 e,carnon
34290001,4342071.42,331053.68,34290,1 avenue du mas viel,servian
34290003,4342711.09,329497.3,34290,aut a 9  aire de montblanc,servian
34290004,4339706.5,336721.2,34290,aut a9  aire de beziers montblanc nord,montblanc
34300001,4329943,347415.57,34300, boulevard maurice pacull,agde
34300002,4330890.06,351290.18,34300,route de sete,agde
34300003,4328481.557,350286.2607,34300,avenue bella isla,cap d'agde
34300004,4328538.51,351360.22,34300,8 avenue des sergents,agde
34300006,4330890.06,351290.18,34300,route de sète,agde
34300008,4330890.06,351290.18,34300, route de sète,agde
34300009,4328481.557,350286.2607,34300,avenue bella isla,le cap d agde
34310002,4332733.59,304917.48,34310,avenue de nissan,capestang
34311001,4333813.03,323862,34500,avenue du pech de valras,béziers
34320001,4350618.7,330781.3,34320,39 avenue de cassan,roujan
34320002,4350494.2,331114.3,34320,lot zone artisanale,roujan
34320003,4350326.8,331364.5,34320,avenue de pézenas,roujan
34330001,4359977.05,269851.54,34330,allée du plagnol,la salvetat-sur-agout
34340002,4335832.87,351058.59,34340,route de bessan,marseillan
34350003,4329595.014,321755.1789,34350,truck etape zac via europa,vendres beziers ouest a9 sortie 36
34360001,4342064.62,295587.1,34360, avenue de béziers,saint-chinian
34360002,4342217.8,293650.65,34360,420 avenue de saint pons,saint-chinian
34370001,4336410.6,317147.97,34370,route de beziers,cazouls-lès-béziers
34380001,4378193.13,373634.82,34380,1075 route du littoral,saint-martin-de-londres
34400001,4373394.1,413981.2,34400,autoroute a 9,villetelle
34400003,4367856.77,414316.72,34400,487 avenue du general de gaulle,lunel
34400004,4367595.75,412816.75,34400,287 avenue du maréchal de lattre de tassigny,lunel
34400005,4587004.45,370121.49,34400,autoroute a 9,lunel
34400007,4367636.64,411538.01,34400, avenue des 4 saisons,lunel
34400013,4367445,413536.6,34400,cial les portes de la mer,lunel
34400014,4367445,413536.6,34400,autoroute a9 aire d'ambrussum,lunel
34400016,4367445,413536.6,34400,autoroute a9 aire ambrussum nord (direction nimes montpellier),lunel
34400017,4373394.1,413981.2,34400,autoroute a9 - aire ambrussum sud,villetelle
34400018,4367445,413536.6,34400,487 av.gal. de gaulle route nationale 113,lunel
34402001,4368073.14,414811.88,34400, rue du levant,lunel
34410002,4326735.17,328407.33,34410,route de valras,sérignan
34410003,4329417.54,326163.9,34410,avenue paul vidal,sauvian
34420003,4331204.66,327933.46,34420,ancienne route de sérignan,villeneuve-lès-béziers
34420004,4332165.87,330435.02,34420,avenue de la promenade,cers
34430001,4357702.37,383410.32,34430, route de montpellier,saint-jean-de-védas
34430002,4356944.05,384962.09,34430, route de sète,saint-jean-de-védas
34440001,4331483.46,313836.61,34440,rn113-9 lieu dit la grillade,colombiers
34440002,4331483.46,313836.61,34440,z.a.e.de cantegals,colombiers
34450001,4331266.13,341005.99,34450,avenue de béziers,vias
34450002,4331402.49,341886.91,34450,lieudit le granevas,vias
34460001,4344813.73,305605.5,34460,55 avenue de béziers,cessenon-sur-orb
34480001,4347088.7,322252.8,34480,zae l'audacieuse,magalas
34490001,4342160.23,316401.71,34490,rue de la carrièrasse,thézan-lès-béziers
34490002,4337914.26,317844.62,34490,z.a.e. de montaury,lignan-sur-orb
34500001,4334661.13,324121.42,34500,5 avenue de la voie domitienne,beziers
34500006,4335457.79,323359.27,34500,avenue rhin et danube,beziers
34500007,4335008.35,322743.38,34500,avenue jean moulin,béziers
34500008,4334618.74,323989.87,34500,3 avenue de la voie domitienne,béziers
34500012,4333765,321270.91,34500,44 avenue colonel d'ornano,béziers
34500014,4333834.26,320450.91,34500,14 avenue du pont-vieux,béziers
34500016,4335410.48,323022.35,34500,43 avenue rhin et danube,beziers
34500019,4336578.32,320956.37,34500,48.rue gerry roufs,beziers
34500020,4333140.05,323867.02,34500,1 avenue de la deveze,beziers
34500023,4336578.32,320956.37,34500,48 rue gerry roufs,béziers
34500024,4333798.07,320270.45,34500,21 avenue du pont vieux,beziers
34500025,4334423.3,321579.5,34500,152 av.marechal foch route de be,beziers
34500026,4335410.48,323022.35,34500,43 avenue rhin et danube,beziers
34500027,4333140.05,323867.02,34500,1 avenue de la deveze,beziers
34500028,4334787.12,324532.71,34500,avenue de la voie domitienne,beziers
34510002,4338546.8,347487.55,34510,avenue de pomérols,florensac
34520001,1078399.53,10659076.24,34520,autoroute a 75,le caylar
34520002,4386310.3,331923,34520,autoroute a75 - aire du caylar,le caylar
34530001,4348028.7,348411.4,34530,128 avenue capitaine pierre azema,montagnac
34535001,4334455.11,324858.57,34500,montimaran,béziers
34540001,4344439.58,369574.49,34540,route de sete,balaruc-le-vieux
34540002,4344576.81,369438.45,34540,route de sète,balaruc-les-bains
34540005,4344445.55,368067.56,34540,44 avenue de montpellier,balaruc les bains
34550001,4339244.53,342085.45,34550,monts ramus c.d. 13,bessan
34550002,4337431.53,342101.86,34550,route st thibéry,bessan
34560001,4349988.61,359309.08,34560,31 rue sauta roch,villeveyrac
34570001,4358453.42,376751.66,34570,avenue general grollier,pignan
34590001,4366082.12,417669.63,34590,rue alphonse daudet,marsillargues
34600001,4359914,314115.63,34600,route de st pons,bédarieux
34600002,4356556.59,318874.1,34600,station service de bel air,faugeres
34600003,4361277.31,311935.33,34600,route de bédarieux,villemagne-l'argentière
34620001,4336728.47,304634.19,34620,56 avenue de beziers,puisserguier
34620002,4336707.56,304864.66,34620,43 avenue de béziers,puisserguier
34660001,4355113.99,371443.6,34660,rd 5 - centre commercial le frigoulet rd 5 - centre commercial le frigoulet,cournonsec
34670001,4365540.29,399950.26,34670,103 avenue de la biste,baillargues
34690004,4354983.1,377893.5,34690,route nationale 113,fabrègues
34690005,4355725.76,373993.84,34690,route de fabrègues à saussan,fabrègues
34690006,4353258.64,377743,34690,aire de fabregues sud - a9,fabrègues
34700001,4372820.65,332444.05,34700,55 avenue du général de gaulle,lodève
34700002,4371905.6,332416.42,34700,route de montpellier,lodève
34700004,4367997.01,338709.54,34700,centre commercial les vignes rouges za la meridienne,le bosc
34725001,4365029.52,350710.33,34725, avenue de montpellier,saint-andré-de-sangonis
34730001,4369075.11,386276.23,34730, route de montpellier,prades-le-lez
34740001,4364774.91,395440.65,34740,route nationale 113,vendargues
34740002,4366013.13,396233.7,34740,route d'ales,vendargues
34740003,4365339.38,396676.17,34740,7 avenue de montpellier,vendargues
34740004,4364774.91,395440.65,34740,route nationale 113,vendargues
34750001,4353741.98,385754.44,34750,93 rue des troenes,villeneuve-lès-maguelone
34770001,4349398.02,370875.12,34770,47 avenue de béziers,gigean
34770002,4359419.01,388796.91,34070,132 avenue de palavas,montpellier
34770005,4349646.92,371047.77,34770,avenue de béziers,gigean
34790001,4364842.87,383161.39,34790,2 rue nicolas appert,grabels
34790002,4364677.46,380723.36,34790,790 route de montpellier,grabels
34800001,4362759,342949.5,34800,centre cial grand axe la madeleine,clermont-l'hérault
34800002,4363076.5,343519.41,34800,9 route nationale 9,clermont-l'hérault
34800004,4361751.03,345186.96,34800,2 rue du servent,clermont l'herault
34810001,4338824.33,349035.31,34810,1 chemin du portou,pomérols
34830001,4366087.4,391145.3,34830,lieu dit la plaine cd 112,jacou
34920001,4366074.38,394561.63,34920,route de jacou,le crès
34920002,4364093.65,393987.18,34920,route de nîmes,le crès
34973001,4356729.6,389647.3,34970,route de carnon - cs61015,lattes
34980001,4366226.49,383046.5,34980,route de ganges,saint-clément-de-rivière
34980002,4367775.99,382198.59,34980, rue des vautes,saint-gély-du-fesc
34990001,4361156.24,380610.95,34990,route de saint georges d'orques,juvignac
48000001,4451558.19,347950.35,48000,zac de ramilles,mende
48000002,4451831.53,349444.24,48000,14 avenue foch,mende
48000003,4451760.3,350740.82,48000,avenue du pere coudrin,mende
48000005,4451831.53,349444.24,48000,14 avenue foch,mende
48100001,4456316.66,329223.33,48100,38 avenue theophile roussel,marvejols
48100002,4455129.76,329109,48100,1 place octroi,marvejols
48100003,4455106.9,329265.1,48100,place des cordeliers,marvejols
48100004,4455985.43,329144.95,48100, avenue théophile roussel,marvejols
48100006,4450955.37,322317.27,48100,la gare,le monastier pin-mories
48130001,4473810.79,329084.8,48130,avenue de la méridienne,aumont-aubrac
48140001,4485947.15,333670.19,48140,avenue de saugues,le malzieu-ville
48150001,4418086.3,343001,48150,route de mende,meyrueis
48170001,4463075.6,367081.8,48170,lieu-dit l'habitarelle,châteauneuf-de-randon
48190001,4448581.76,373602.53,48190, rue de la campanade,le bleymard
48200001,4479379.73,328128.3,48200,avenue pignide,saint-chély-d'apcher
48200002,4488191.8,324829.5,48200,a75 - aire de la lozère - échangeurue 32 - la garde,albaret-sainte-marie
48200003,4480631.68,327042.11,48200,41 boulevard guérin d'apcher,saint-chély-d'apcher
48200004,4480660.08,328064.09,48200,route du malzieu,saint-chély-d'apcher
48200005,4480205.83,327143.02,48200,boulevard guérin d'apcher,saint-chély-d'apcher
48200006,4456010.93,325406.33,48200,autoroute a75 aire de la lozere - la garde,albaret-sainte-marie
48200007,4487280.75,325003.09,48200,lieudit la garde d809,albaret-sainte-marie
48230001,4447011.2,334618.7,48230,avenue de la gare,chanac
48300001,4473431.16,385931.56,48300,quartierue du pont d'allier,langogne
48300003,4472360.89,386014.97,48300,avenue jean moulin,langogne
48300005,4472945.66,385667.4,48300,avenue foch,langogne
48300006,4472945.66,385667.4,48300,avenue marechal foch,langogne
48400003,4432839.06,359188.92,48400,65 avenue jean monestier,florac
48400004,4432401.4,359371.4,48400,za florac route de mende,florac
48400005,4431931.66,359746.01,48400,36 quartierue de la croisette,florac
48400006,4434607.4,357724.8,48400,2 rue du vibron zae saint julien du gourg,florac
48500001,4439185.76,321814.77,48500,banassac,la canourgue
48500002,4443620.97,320185.89,48500,avenue du lot,banassac
48600001,4477960.19,361131.58,48600,route de saint-chély,grandrieu
48600002,4484435.16,365570.92,48600,route de grandieu,chambon-le-château
48600003,4477960.19,361131.58,48600,route de st chely,grandrieu
48700001,4462757.95,347575.08,48700,rd806,rieutort-de-randon
48800001,4443572.7,393320.71,48800,avenue des cevennes,villefort
72000001,4801951.4,22344.1,72000,rue de bonnétable,le mans
72000002,4798929.08,21591.68,72100,boulevard winston churchill,le mans
72000003,4800269.2,18470.66,72000,186 avenue de la libération,le mans
72000004,4799473.8,22963.2,72000,162 avenue léon bollée,le mans
72000005,4802298.37,18325.81,72000,314 avenue rhin et danube,le mans
72000010,4801751.55,21901.25,72000,44 rue de bonnétable,le mans
72000012,4797248.23,21972,72100,309 avenue georges durand,le mans
72000013,4802539.99,18169.64,72000,362? avenue rhin et danube,le mans
72000014,4799473.8,22963.2,72000,284 avenue léon bollée,le mans
72000015,4802758.99,18410,72000,avenue georges duhamel,le mans
72000017,4801365.22,18815.37,72000,144 rue voltaire,lemans
72000019,4802298.37,18325.81,72000,314 avenue rhin et danube,le mans
72000020,4799695.68,21774.39,72000,162 avenue bollee,le mans
72000021,4399964.45,182268.77,72000,route de laval,le mans
72016001,4801951.4,22344.1,72000,route de bonnetable,le mans
72100001,4798549.53,18461.35,72100,168 rue d'arnage,le mans
72100002,4799730.47,17827.1,72000,66 avenue olivierue heuzé,le mans
72100004,4797008.44,20434.82,72100,avenue felix geneslay,le mans
72100007,4799095.21,19717.72,72100,route nationale 23 aerodromeaerodrome,le mans
72100008,4799641.74,18674.52,72100,110 boulevard demorieux,le mans
72100010,4798027.82,22023.19,72100,146 avenue drue jean mac,le mans
72100011,4799478.6,18941.29,72100, boulevard de la gare,le mans
72100012,4790900.4,187879.8,72100,146 avenue du drue jean mac,le mans
72100013,4799095.21,19717.72,72100,route nationale 23 - aerodrome,le mans
72100014,4799641.74,18674.52,72100,110 -112 blieu-dit demorieux,le mans
72110001,4817114.24,41756.48,72110,43 avenue du 8 mai 1945,bonnetable
72110002,4827698.06,46224.64,72110,3 rue du perche,saint-cosme-en-vairais
72110003,4817723.24,43743.17,72110,87 avenue de la forêt,bonnetable
72120001,4792088.3,74472.2,72120,za du pressoir,saint-calais
72120002,5259599.97,883353.94,72120, avenue de kirchdorf,saint-calais
72120003,4791785,74368.76,72120,7 avenue charles de gaulle,saint-calais
72120004,5031160.51,276630.44,72120,route nationale 157,saint-calais
72120005,5259599.97,883353.94,72120,avenue kirchdorf,saint-calais
72120006,4791682.67,75375.46,72120,2 avenue de vendome,saint calais
72130001,4828670.73,2236.92,72130,rue abbe lelievre,fresnay-sur-sarthe
72130003,4829908.66,9723.31,72130,la hutte - 6 avenue division leclerc,saint-germain-sur-sarthe
72130004,4831652.4,-2867.6,72130,espace commercial,sougé-le-ganelon
72140001,4818051.94,-12182.04,72140,route du mans,saint-rémy-de-sillé
72150002,4786890.8,46705.6,72150,la florière,le grand-lucé
72160002,4806192.27,50079.78,72160,rue de paris,connerré
72170001,4822936.15,12860.46,72170,rue henri de navarre,beaumont-sur-sarthe
72170002,4821758.83,13046.58,72170, rue du mans,maresché
72190001,4803453.12,24062.62,72190,a11 aire de la sarthe sarge le mans,coulaines
72190002,4803301.85,24050.5,72190,autoroute a 11,sargé-lès-le-mans
72190003,4803301.85,24050.5,72190,autoroute a 11 - aire sarthe sargé-le- mans,sarge les le mans
72200001,4770190.7,-9404.3,72200,route des mollans,la flèche
72200003,4769655.17,-9283.64,72200,avenue de verdun,la flèche
72200004,4770181.75,-5999.73,72200,rue henri dunant,la flèche
72210001,4789456.7,4470.5,72210, route des trunetières,la suze-sur-sarthe
72220001,4782833.2,27304.6,72220,centre commercial le belinois,écommoy
72220002,4782027.5,27943.3,72220, rue du manège,écommoy
72220005,4787681.28,21633.01,72220,4 rue de touraine,saint-gervais-en-belin
72230002,4791325.97,24731.74,72230,avenue de bönen,mulsanne
72230005,4802346.28,-32547.57,72350,autoroute a 81,saint-denis-d'orques
72230006,4793312.23,18720.22,72230,22 avenue nationale,arnage
72230007,4792634.2,19175.4,72230,c. c. rive sud,arnage
72230009,4791086.88,16890.41,72230,112 route de spay,monce en belin
72240001,4814990.12,3371.66,72240,route du mans,conlie
72250001,4790168.25,31637.52,72250,le ruisseau,parigné-l'évêque
72260001,4825421.03,31459.81,72260,15 rue mohain,marolles-les-braults
72300002,4784048.56,-33341.85,72300,le petit erable,sablé-sur-sarthe
72300003,4783000.26,-31230.11,72300,route de la flèche,sablé-sur-sarthe
72300004,4784438.7,-20242.7,72300,aut a11  aire de parce est,parcé-sur-sarthe
72300005,4784438.7,-20242.7,72300,aut a 11 - aire de parce ouest,parcé-sur-sarthe
72300006,4785506.36,-35927.88,72300,route de laval,sablé-sur-sarthe
72300007,4783918,-31894.2,72300,rue du mans,sablé-sur-sarthe
72301001,4783111.8,-30217.76,72300,avenue jean monnet,sable-solesmes
72310001,4784382.3,75631.4,72310,les sablonnieres,bessé-sur-braye
72320002,4806826,73173.1,72320,route de le frete bernard,vibraye
72330001,4783017.99,7715.52,72330,62 rue nationale,cérans-foulletourte
72340001,4773948.6,58113.9,72340,la maladrerie,la chartre-sur-le-loir
72350001,4797430.84,-23038.41,72350,route de sille,brûlon
72380001,4814111.6,16742.84,72380,zone artisanale prairie des moulins,sainte-jamme-sur-sarthe
72400001,4818502.48,66133.53,72400,avenue pierre brule,la ferté-bernard
72400002,4819170.6,66153.3,72400,avenue de verdun,la ferté-bernard
72400005,4814994.8,68721.3,72400,rd 323,cherre
72400006,4818593.4,65597.9,72400,la voie-rd1-,la ferté-bernard
72400008,4819668,66795.7,72400,la bretonnière,cherreau
72400009,4813484.4,60046.8,72400,a11 - aire de la ferte,villaines-la-gonais
72400011,4818593.4,65597.9,72400,a 11 aire de villaines la gonais,la ferté-bernard
72400012,4818742.81,65023.8,72400,11 avenue de la république,la ferté-bernard
72430001,4787215.8,-9558.3,72430,za du tertre,noyen-sur-sarthe
72430002,4788486.4,-7849.29,72430,za le tertre,noyen-sur-sarthe
72440001,4797216.67,55876.42,72440,129 rue nationale,bouloire
72440002,4797505.4,54627.65,72440,1 rue nationale,bouloire
72450001,4805106.72,41863.6,72450, rue des violettes,montfort-le-gesnois
72460002,4819152,6615.3,72460,zac de l'epine,savigné l'evêque
72460004,4807568.1,29678.85,72460, grande rue,savigné-l'évêque
72470001,4803944.84,34238.69,72470,rd 323 - les fosses,champagné
72470004,4871871.82,626334.37,72470,route nationale 23 - les fosses,champagne
72470005,4802429.48,33713.71,72470,la chesnaie route de fatines,champagne
72500001,4769286.69,42767.75,72500,rue sainte cécile,château-du-loir
72500002,4766499.9,54321.82,72500,aut a28 - aire de sarthe touraine,dissay-sous-courcillon
72500003,4769935.56,41276,72500,route du mans,luceau
72530001,4801175.07,28096.65,72530,route de paris,yvré-l'évêque
72540001,4799250.85,-15452.1,72540,27 rue de la libération,loué
72540002,4798975.49,-16185.86,72540,route de loue,mareil-en-champagne
72550001,4802289.6,7264.8,72550,relais de la colomberie,chaufour-notre-dame
72550002,4802482.5,7374.69,72550,relais de la colomberie la groie rd357,chaufour-notre-dame
72560001,4798111.1,27737.2,72560,lieu-dit le grand pin,changé
72600001,4837659.58,55445.91,72600,route belleme,mamers
72600002,4830866.9,39727.9,72600,route de la ferté bernard,saint-rémy-des-monts
72610001,4839499.02,8869.08,72610, route du mans,arçonnay
72650001,4803262.4,15903.9,72650,zac du moulin aux moines,la chapelle-saint-aubin
72650002,4802813.6,10953.6,72650,route nationale 157 - le relais de la lande,trangé
72700002,4796602.59,13495.42,72700, route de la suze,allonnes
72700003,4797337.93,15813.38,72700,2 avenue charles de gaulles,allonnes
72700004,4732706.36,-5468.63,72700,2 avenue du general de gaulle,allonnnes
72700006,4732706.36,-5468.63,72700,2 avenue du general de gaulle,allonnes
72800001,4764524.15,14898.38,72800,43 avenue de talhouet,le lude
72800002,4763740.12,15109.9,72800, avenue de saumur,le lude
81000001,4393483.73,217087.35,81000,2 rue francisco goya,albi
81000002,4395022.91,212365.7,81000,route de cordes,albi
81000003,4393733.25,218166.35,81000,route de saint juery la renaudie,albi
81000004,4391954.37,213181.2,81000,120 avenue françois verdier,albi
81000005,4392140.83,216628.41,81000,246 avenue colonel teyssier,albi
81000007,4394483.44,215730.33,81000,zac de cantepau,albi
81000008,4393081.07,216328.62,81000,164 avenue du maréchal de lattre de tassigny,albi
81000009,4391888.11,209761.32,81000,fonlabour,albi
81100001,4360621.4,224129.5,81100,zone du siala - route de mazamet,castres
81100002,4361764.53,224364.82,81100,185 avenue de roquecourbe,castres
81100003,4359765.74,225924.48,81100,154 avenue charles de gaulle,castres
81100004,4360657.6,224531.08,81100,boulevard carnot,castres
81100005,4362044.13,226853,81100,1 avenue georges pompidou,castres
81100006,4360621.4,224129.5,81100,rue francois couperin c.c lameilhe,castres
81100007,4359421.2,223096.1,81100,boulevard pierre mendès france,castres
81100008,4360621.4,224129.5,81100,lieu-dit plombières,castres
81115001,4359007.11,218714.55,81100,10 rue albert calmette,castres
81120001,4377267.32,218383.76,81120,42 avenue du général de gaulle,réalmont
81120002,4377295.05,218642.18,81120,27 rue de la bouriotte,réalmont
81130001,4398477.5,214109.2,81130,rue de la sigalarie,cagnac-les-mines
81150001,4391861.57,202920.81,81150,route de toulouse d988,marssac-sur-tarn
81160001,4394926.79,221133.5,81160,6 avenue alphonse pacifique,saint- juery
81160003,4394626.04,220377.86,81160,70 avenue jean jaurès,saint-juéry
81170001,4404524.84,200283.6,81170,route d albi,livers-cazelles
81190001,4413814.88,216513.88,81190,9 avenue de carmaux,mirandol-bourgnounac
81190002,4409246.06,231979.81,81190,le puech,pampelonne
81200001,4350942.03,236915.34,81200, boulevard du thoré,aussillon
81200002,4353475.17,235395.82,81200,route nationale 112,mazamet
81200003,4349948.49,236932.66,81200,2 allée des auques,aussillon
81210001,4366293.11,228297.59,81210,52 avenue de castres,roquecourbe
81220001,4364323,204636,81220,le bourg,lalbarède
81230001,4371120.36,270352.54,81230,zone artisanale bel air,lacaune
81230002,4370763.1,269693.6,81230,avenue de naurois,lacaune
81230003,4370780.78,269968.06,81230,64 avenue de naurois,lacaune
81250001,4388356.33,246854.67,81250,13 avenue de millau,alban
81250003,4388356.33,246854.67,81250,13 avenue de millau,alban
81260001,4362956.64,248639.39,81260,route de castres,brassac
81260003,4362956.64,248639.39,81260, chemin de castres ã  brassac,brassac
81290001,4353916.14,226170.31,81290,9 boulevard gambetta,labruguière
81290002,4353964.1,226303.7,81290,route de l'aéroport,labruguière
81300001,4375948.5,196477.89,81300,avenue du maréchal juin,graulhet
81300003,4376056.96,197242.73,81300, avenue rhin et danube,graulhet
81300004,4376103.3,197194.56,81300,zone sirou,graulhet
81300005,4376685.57,199560.81,81300,19 avenue marcel pagnol,graulhet
81310001,4381605.13,173570.64,81310,route de toulouse,lisle-sur-tarn
81310003,4385279.9,181078.3,81310,lieu dit les robertes,lisle-sur-tarn
81370001,4377211.04,167817.84,81370,254 avenue des terres noires,saint-sulpice
81370002,4376674.41,169201.55,81370,102 route de lavaur,saint-sulpice
81370003,4377537.73,168401.39,81370,avenue auguste milhes,saint sulpice la pointe
81380001,4395947.38,219919.48,81380,route de carmaux,lescure-d'albigeois
81400001,4402795.75,215527.03,81400,150 avenue d'albi,blaye-les-mines
81400002,4404757.51,215823.27,81400,97 avenue albert thomas,carmaux
81400003,4403229.51,215714.38,81400,96 avenue d'albi,blaye-les-mines
81400004,4405185.18,215963.96,81400, rue henri stendhal,carmaux
81430001,4389579.5,233278.77,81430,route de millau,villefranche-d'albigeois
81500001,4369744.96,181653.82,81500,quai de la tourue des rondes,lavaur
81500002,4376735.98,169123.21,81500,12 route de st sulpice,lavaur
81500003,4370697.76,181690.61,81500,avenue jacques besse,lavaur
81500004,4376410.75,169544.61,81500,route de saint sulpice,lavaur
81500005,4368754.98,181650.95,81500,route de caraman,lavaur
81580001,4356474.69,212841.6,81580,za de la prade,soual
81600001,4389823.56,189601.22,81600,route de toulouse,gaillac
81600003,4391336.16,190095.74,81600,19 avenue rhin et danube,gaillac
81600004,4388991.5,191018.5,81600,zone de xansos route de graulhet,brens
81600005,4389856.92,188595.27,81600,90 avenue saint-exupéry,gaillac
81600006,4386520.5,188442.6,81600,za garrigue longue,montans
81660001,4350045.31,241091.53,81660,cd 54 - route nationale 112 lieu dit lagarrigue ,bout-du-pont-de-larn
81700002,4356860.76,201807.33,81700,24 avenue de castres,puylaurens
81700003,4357190.89,201137.88,81700,route de revel,puylaurens
81700005,4350522.62,200527.61,81700,lieu-dit saint-martin,puylaurens
81710001,4358620.24,217149.76,81710,11 route de toulouse,saïx
81710002,4358620.24,217149.76,81710,11 bis route de toulouse,saix
81800002,4384115.62,175958.23,81800,rd 988 - plaine de fongrave,rabastens
81800003,4383137.12,174422.82,81800,route d'albi,rabastens
81990001,4390888.97,211377.46,81990,1 rue de mélaudie,le sequestre
81990002,4391267.24,212621.51,81990,chemin de cap long,le sequestre
81990003,4389229,216592.18,81990,1 rue d'al causse,puygouzon
84140005,5056039.75,283955.47,30210,route nationale 100,fournes
